,Speed,Bphm,Out
0,80,1,2
1,97,14,1
2,117,9,1
3,56,17,0
4,41,9,0
5,41,11,1
6,80,9,1
7,99,15,0
8,54,0,0
9,5,17,0
10,91,14,1
11,11,16,0
12,4,11,1
13,42,12,1
14,97,0,2
15,5,11,1
16,2,5,0
17,18,9,0
18,27,10,1
19,95,15,0
20,117,0,2
21,31,0,0
22,113,15,0
23,87,1,2
24,29,16,0
25,7,2,0
26,97,5,2
27,86,2,2
28,82,1,2
29,89,14,1
30,12,15,0
31,75,14,1
32,70,13,1
33,13,5,0
34,4,11,1
35,9,7,0
36,53,18,0
37,13,16,0
38,16,12,1
39,120,8,0
40,13,4,0
41,118,13,1
42,98,17,0
43,107,10,1
44,95,11,1
45,92,9,1
46,113,5,2
47,106,7,0
48,113,16,0
49,56,3,0
50,55,0,0
51,81,2,2
52,93,12,1
53,39,14,0
54,5,7,0
55,68,18,0
56,12,4,0
57,51,12,1
58,1,6,0
59,3,0,0
60,38,7,0
61,30,6,0
62,36,1,0
63,81,8,0
64,100,1,2
65,44,8,0
66,95,4,2
67,45,4,0
68,1,15,0
69,59,9,0
70,65,6,2
71,74,16,0
72,25,4,0
73,28,18,0
74,118,9,1
75,38,4,0
76,67,17,0
77,93,1,2
78,89,18,0
79,23,13,1
80,43,11,1
81,117,4,2
82,96,13,1
83,19,1,0
84,9,3,0
85,87,1,2
86,74,13,1
87,35,13,1
88,112,5,2
89,20,17,0
90,119,10,1
91,76,8,0
92,113,2,2
93,115,12,1
94,102,13,1
95,21,9,0
96,45,9,0
97,26,9,0
98,47,1,0
99,19,2,0
100,26,6,0
101,68,12,1
102,108,10,1
103,75,5,2
104,103,10,1
105,73,15,0
106,71,4,2
107,87,4,2
108,86,0,2
109,77,6,2
110,23,13,1
111,10,10,1
112,59,16,0
113,88,13,1
114,77,15,0
115,117,3,2
116,116,11,1
117,39,16,0
118,60,2,0
119,57,16,0
120,103,11,1
121,20,4,0
122,35,1,0
123,109,2,2
124,47,12,1
125,44,12,1
126,83,15,0
127,89,6,2
128,58,9,0
129,102,2,2
130,114,11,1
131,43,9,0
132,72,12,1
133,34,17,0
134,54,6,0
135,72,8,0
136,102,13,1
137,19,15,0
138,105,5,2
139,9,13,1
140,0,9,0
141,106,0,2
142,97,3,2
143,5,11,1
144,13,1,0
145,79,3,2
146,13,0,0
147,119,0,2
148,27,6,0
149,92,11,1
150,118,8,0
151,50,5,0
152,63,15,0
153,55,4,0
154,83,17,0
155,4,14,0
156,42,8,0
157,74,7,2
158,89,0,2
159,9,7,0
160,116,0,2
161,5,15,0
162,6,10,1
163,62,8,0
164,44,9,0
165,93,14,1
166,116,16,0
167,82,17,0
168,117,8,0
169,69,15,0
170,14,7,0
171,66,1,2
172,118,9,1
173,19,0,0
174,94,18,0
175,53,11,1
176,25,5,0
177,11,4,0
178,94,13,1
179,98,9,1
180,67,14,1
181,72,8,0
182,73,15,0
183,95,4,2
184,13,15,0
185,34,17,0
186,64,3,2
187,117,16,0
188,7,1,0
189,113,17,0
190,113,17,0
191,63,9,1
192,93,18,0
193,76,6,2
194,41,2,0
195,119,4,2
196,86,11,1
197,75,7,2
198,50,8,0
199,43,16,0
200,5,13,1
201,114,4,2
202,84,9,1
203,74,13,1
204,12,8,0
205,52,1,0
206,91,14,1
207,67,13,1
208,38,2,0
209,78,0,2
210,77,10,1
211,35,16,0
212,25,8,0
213,118,2,2
214,11,13,1
215,26,14,0
216,113,1,2
217,2,5,0
218,82,17,0
219,64,5,2
220,10,10,1
221,63,5,2
222,106,11,1
223,84,6,2
224,56,6,0
225,108,15,0
226,60,3,0
227,3,9,0
228,74,14,1
229,81,13,1
230,88,12,1
231,100,12,1
232,33,4,0
233,44,12,1
234,107,0,2
235,98,12,1
236,86,0,2
237,110,11,1
238,61,15,0
239,116,1,2
240,62,11,1
241,87,2,2
242,103,17,0
243,76,13,1
244,61,15,0
245,48,15,0
246,82,9,1
247,67,14,1
248,62,11,1
249,73,18,0
250,117,4,2
251,37,4,0
252,101,7,0
253,2,4,0
254,119,18,0
255,30,5,0
256,38,2,0
257,107,2,2
258,101,16,0
259,100,10,1
260,52,5,0
261,94,0,2
262,24,1,0
263,29,8,0
264,27,1,0
265,51,2,0
266,85,3,2
267,18,3,0
268,80,12,1
269,119,2,2
270,7,3,0
271,58,2,0
272,16,4,0
273,79,10,1
274,111,2,2
275,61,6,2
276,48,3,0
277,54,6,0
278,119,13,1
279,12,16,0
280,74,0,2
281,58,16,0
282,49,16,0
283,100,16,0
284,87,12,1
285,15,17,0
286,71,8,0
287,119,11,1
288,4,3,0
289,109,3,2
290,11,8,0
291,110,11,1
292,14,9,0
293,83,14,1
294,2,17,0
295,7,4,0
296,114,2,2
297,60,17,0
298,91,0,2
299,1,15,0
300,8,4,0
301,39,13,1
302,118,5,2
303,62,11,1
304,73,17,0
305,18,11,1
306,5,11,1
307,80,3,2
308,4,15,0
309,47,9,0
310,17,17,0
311,82,8,0
312,70,15,0
313,45,12,1
314,40,13,1
315,71,16,0
316,45,7,0
317,83,14,1
318,58,8,0
319,25,9,0
320,29,5,0
321,103,4,2
322,45,2,0
323,110,3,2
324,86,7,0
325,28,9,0
326,93,10,1
327,33,10,1
328,44,7,0
329,103,3,2
330,70,12,1
331,50,6,0
332,2,11,1
333,50,18,0
334,113,6,2
335,25,9,0
336,62,11,1
337,48,9,0
338,38,11,1
339,27,7,0
340,19,14,0
341,90,13,1
342,8,10,1
343,23,10,1
344,76,18,0
345,63,13,1
346,51,8,0
347,10,12,1
348,107,12,1
349,54,18,0
350,93,7,0
351,71,7,2
352,39,18,0
353,54,11,1
354,43,13,1
355,33,15,0
356,86,3,2
357,37,6,0
358,48,3,0
359,53,16,0
360,117,3,2
361,16,17,0
362,33,16,0
363,101,2,2
364,25,12,1
365,10,5,0
366,88,13,1
367,72,8,0
368,20,6,0
369,114,5,2
370,26,4,0
371,53,13,1
372,7,4,0
373,32,0,0
374,108,3,2
375,41,12,1
376,21,18,0
377,96,12,1
378,59,17,0
379,62,8,0
380,119,4,2
381,20,4,0
382,117,15,0
383,95,2,2
384,63,1,2
385,45,4,0
386,110,13,1
387,7,10,1
388,108,13,1
389,89,8,0
390,27,2,0
391,7,18,0
392,30,5,0
393,118,4,2
394,38,9,0
395,104,17,0
396,112,3,2
397,87,7,0
398,67,1,2
399,92,0,2
400,100,11,1
401,108,3,2
402,50,7,0
403,59,12,1
404,68,13,1
405,116,6,2
406,51,4,0
407,114,6,2
408,110,8,0
409,79,17,0
410,36,8,0
411,52,14,0
412,115,12,1
413,94,6,2
414,117,16,0
415,3,11,1
416,51,14,0
417,50,16,0
418,97,1,2
419,57,8,0
420,20,14,0
421,118,9,1
422,10,17,0
423,99,14,1
424,100,10,1
425,25,7,0
426,101,17,0
427,97,14,1
428,7,17,0
429,72,15,0
430,106,10,1
431,41,9,0
432,90,3,2
433,19,9,0
434,75,16,0
435,97,7,0
436,66,5,2
437,18,5,0
438,90,10,1
439,49,1,0
440,75,7,2
441,117,14,1
442,76,17,0
443,70,0,2
444,74,12,1
445,76,14,1
446,61,4,2
447,24,4,0
448,79,8,0
449,81,13,1
450,1,12,1
451,113,3,2
452,11,14,0
453,79,4,2
454,95,17,0
455,95,11,1
456,21,5,0
457,19,7,0
458,61,3,2
459,78,9,1
460,49,12,1
461,111,7,0
462,13,13,1
463,43,2,0
464,13,12,1
465,57,3,0
466,116,8,0
467,11,15,0
468,52,15,0
469,71,14,1
470,13,9,0
471,71,4,2
472,7,17,0
473,109,4,2
474,76,2,2
475,79,3,2
476,112,13,1
477,84,18,0
478,9,5,0
479,6,2,0
480,96,16,0
481,76,0,2
482,63,0,2
483,56,5,0
484,50,16,0
485,22,12,1
486,103,0,2
487,109,8,0
488,11,10,1
489,34,16,0
490,85,13,1
491,25,7,0
492,5,9,0
493,76,11,1
494,64,4,2
495,83,7,0
496,2,8,0
497,110,6,2
498,60,15,0
499,31,13,1
500,31,6,0
501,21,17,0
502,115,17,0
503,51,16,0
504,48,7,0
505,86,2,2
506,50,2,0
507,90,14,1
508,14,11,1
509,80,4,2
510,73,11,1
511,62,5,2
512,93,7,0
513,61,2,2
514,43,17,0
515,95,18,0
516,115,7,0
517,120,4,2
518,116,14,1
519,89,14,1
520,31,13,1
521,18,11,1
522,62,1,2
523,16,2,0
524,88,12,1
525,66,6,2
526,103,6,2
527,87,15,0
528,1,6,0
529,23,2,0
530,105,17,0
531,115,4,2
532,27,11,1
533,29,5,0
534,74,15,0
535,5,13,1
536,92,0,2
537,18,14,0
538,7,7,0
539,67,2,2
540,52,13,1
541,25,5,0
542,64,5,2
543,120,9,1
544,9,2,0
545,111,6,2
546,97,3,2
547,118,2,2
548,53,9,0
549,47,17,0
550,18,7,0
551,114,16,0
552,82,7,0
553,106,10,1
554,107,9,1
555,32,15,0
556,91,12,1
557,99,15,0
558,31,12,1
559,112,3,2
560,34,17,0
561,88,16,0
562,74,5,2
563,50,4,0
564,66,3,2
565,0,11,1
566,76,14,1
567,58,1,0
568,91,3,2
569,87,8,0
570,11,12,1
571,104,13,1
572,104,8,0
573,28,17,0
574,83,18,0
575,22,17,0
576,89,8,0
577,99,8,0
578,25,12,1
579,47,1,0
580,71,6,2
581,35,1,0
582,2,18,0
583,42,17,0
584,105,1,2
585,2,14,0
586,3,11,1
587,94,14,1
588,82,16,0
589,41,12,1
590,33,12,1
591,54,12,1
592,74,12,1
593,31,6,0
594,107,9,1
595,95,1,2
596,86,2,2
597,82,7,0
598,23,17,0
599,86,1,2
600,74,16,0
601,39,3,0
602,6,7,0
603,20,17,0
604,8,5,0
605,99,9,1
606,89,13,1
607,48,3,0
608,4,12,1
609,12,10,1
610,69,10,1
611,105,7,0
612,101,7,0
613,37,11,1
614,51,12,1
615,3,14,0
616,84,6,2
617,95,0,2
618,65,1,2
619,103,10,1
620,93,6,2
621,25,0,0
622,7,8,0
623,83,6,2
624,113,8,0
625,101,14,1
626,26,8,0
627,107,0,2
628,78,17,0
629,38,2,0
630,33,0,0
631,59,10,1
632,119,14,1
633,36,13,1
634,18,17,0
635,84,8,0
636,114,3,2
637,103,4,2
638,60,0,0
639,99,3,2
640,108,13,1
641,97,1,2
642,30,1,0
643,99,1,2
644,28,18,0
645,112,1,2
646,75,10,1
647,16,12,1
648,33,15,0
649,41,11,1
650,39,12,1
651,29,7,0
652,50,15,0
653,27,9,0
654,107,14,1
655,37,10,1
656,71,15,0
657,95,16,0
658,12,15,0
659,83,1,2
660,102,2,2
661,120,17,0
662,26,12,1
663,34,1,0
664,89,6,2
665,61,0,2
666,30,18,0
667,51,13,1
668,38,1,0
669,52,18,0
670,73,17,0
671,105,16,0
672,16,1,0
673,54,17,0
674,17,13,1
675,51,5,0
676,79,14,1
677,69,15,0
678,24,18,0
679,1,17,0
680,107,13,1
681,65,0,2
682,106,15,0
683,11,5,0
684,60,0,0
685,112,4,2
686,14,8,0
687,12,9,0
688,91,8,0
689,120,3,2
690,105,3,2
691,99,14,1
692,0,3,0
693,87,7,0
694,0,13,1
695,104,11,1
696,40,3,0
697,61,8,0
698,36,9,0
699,2,2,0
700,95,15,0
701,17,3,0
702,88,11,1
703,1,17,0
704,31,8,0
705,79,12,1
706,87,9,1
707,2,7,0
708,84,3,2
709,114,16,0
710,61,12,1
711,72,5,2
712,13,14,0
713,53,0,0
714,47,7,0
715,106,5,2
716,102,3,2
717,51,4,0
718,85,1,2
719,42,0,0
720,87,18,0
721,69,13,1
722,69,13,1
723,17,6,0
724,25,14,0
725,83,5,2
726,74,11,1
727,65,18,0
728,104,9,1
729,81,12,1
730,69,0,2
731,26,12,1
732,77,4,2
733,14,2,0
734,110,12,1
735,114,13,1
736,4,3,0
737,65,5,2
738,80,16,0
739,70,17,0
740,110,17,0
741,118,4,2
742,117,7,0
743,98,2,2
744,111,10,1
745,68,16,0
746,42,11,1
747,34,6,0
748,16,17,0
749,29,17,0
750,99,4,2
751,41,3,0
752,116,3,2
753,95,10,1
754,34,9,0
755,71,2,2
756,41,6,0
757,115,18,0
758,111,14,1
759,20,4,0
760,88,6,2
761,60,12,0
762,75,7,2
763,47,10,1
764,71,12,1
765,102,15,0
766,61,8,0
767,103,7,0
768,42,12,1
769,16,7,0
770,73,7,2
771,105,11,1
772,76,8,0
773,119,6,2
774,49,13,1
775,19,11,1
776,71,11,1
777,92,7,0
778,90,14,1
779,60,8,0
780,75,3,2
781,35,17,0
782,8,13,1
783,103,8,0
784,109,5,2
785,69,2,2
786,59,14,0
787,85,14,1
788,39,17,0
789,96,13,1
790,71,13,1
791,80,7,0
792,27,10,1
793,32,5,0
794,11,2,0
795,17,5,0
796,0,5,0
797,26,2,0
798,95,9,1
799,34,7,0
800,86,8,0
801,20,8,0
802,40,6,0
803,8,4,0
804,109,8,0
805,79,15,0
806,9,5,0
807,78,0,2
808,51,15,0
809,38,11,1
810,62,13,1
811,65,2,2
812,71,4,2
813,116,13,1
814,85,15,0
815,28,13,1
816,115,17,0
817,20,1,0
818,10,7,0
819,66,6,2
820,43,10,1
821,44,4,0
822,117,0,2
823,16,2,0
824,50,13,1
825,98,14,1
826,18,0,0
827,70,1,2
828,43,14,0
829,32,4,0
830,15,9,0
831,65,4,2
832,40,4,0
833,42,14,0
834,3,0,0
835,111,15,0
836,38,8,0
837,44,6,0
838,12,11,1
839,22,6,0
840,62,3,2
841,75,0,2
842,39,5,0
843,53,5,0
844,33,8,0
845,73,4,2
846,113,4,2
847,4,1,0
848,59,8,0
849,110,1,2
850,109,12,1
851,31,16,0
852,42,6,0
853,11,1,0
854,33,12,1
855,48,5,0
856,113,16,0
857,115,15,0
858,2,7,0
859,100,2,2
860,22,7,0
861,74,6,2
862,7,11,1
863,16,11,1
864,66,13,1
865,18,12,1
866,23,7,0
867,30,15,0
868,41,16,0
869,15,12,1
870,67,4,2
871,9,13,1
872,40,4,0
873,113,0,2
874,27,9,0
875,31,7,0
876,67,0,2
877,60,13,0
878,31,12,1
879,89,7,0
880,77,9,1
881,77,9,1
882,94,17,0
883,66,9,1
884,112,1,2
885,105,4,2
886,38,2,0
887,104,17,0
888,26,7,0
889,63,2,2
890,13,8,0
891,5,17,0
892,95,1,2
893,3,18,0
894,7,5,0
895,90,9,1
896,119,11,1
897,34,3,0
898,66,7,2
899,62,1,2
900,113,10,1
901,87,13,1
902,74,12,1
903,12,18,0
904,54,0,0
905,57,8,0
906,13,12,1
907,56,12,1
908,3,0,0
909,39,5,0
910,82,4,2
911,26,15,0
912,34,4,0
913,94,10,1
914,28,9,0
915,80,3,2
916,47,5,0
917,93,7,0
918,62,16,0
919,62,12,1
920,5,7,0
921,74,15,0
922,90,15,0
923,99,12,1
924,109,1,2
925,82,5,2
926,67,11,1
927,88,8,0
928,82,7,0
929,117,8,0
930,4,13,1
931,63,16,0
932,20,11,1
933,44,9,0
934,71,5,2
935,71,18,0
936,74,7,2
937,99,5,2
938,80,1,2
939,100,9,1
940,63,2,2
941,87,18,0
942,7,2,0
943,101,12,1
944,3,2,0
945,31,11,1
946,113,16,0
947,84,8,0
948,106,7,0
949,103,13,1
950,74,12,1
951,45,10,1
952,30,18,0
953,108,9,1
954,63,1,2
955,113,0,2
956,35,12,1
957,114,16,0
958,89,13,1
959,93,14,1
960,55,2,0
961,69,6,2
962,39,12,1
963,3,15,0
964,72,0,2
965,95,0,2
966,26,5,0
967,33,0,0
968,81,9,1
969,107,8,0
970,41,12,1
971,36,7,0
972,83,9,1
973,79,2,2
974,77,1,2
975,51,0,0
976,73,3,2
977,17,2,0
978,38,14,0
979,115,6,2
980,94,13,1
981,44,1,0
982,110,16,0
983,115,0,2
984,35,11,1
985,45,11,1
986,25,2,0
987,40,15,0
988,66,16,0
989,87,15,0
990,91,16,0
991,60,4,0
992,36,15,0
993,38,12,1
994,30,10,1
995,109,14,1
996,69,10,1
997,8,16,0
998,2,8,0
999,37,11,1
1000,40,5,0
1001,88,4,2
1002,42,6,0
1003,5,4,0
1004,5,4,0
1005,75,14,1
1006,46,18,0
1007,58,12,1
1008,119,16,0
1009,96,16,0
1010,64,6,2
1011,25,11,1
1012,77,9,1
1013,106,4,2
1014,31,17,0
1015,40,0,0
1016,96,15,0
1017,26,10,1
1018,38,5,0
1019,89,1,2
1020,32,17,0
1021,17,11,1
1022,65,1,2
1023,67,13,1
1024,18,15,0
1025,38,16,0
1026,76,17,0
1027,90,7,0
1028,89,7,0
1029,93,10,1
1030,78,8,0
1031,88,15,0
1032,72,5,2
1033,110,1,2
1034,34,18,0
1035,45,4,0
1036,57,13,1
1037,86,14,1
1038,60,2,0
1039,34,18,0
1040,95,5,2
1041,44,0,0
1042,80,6,2
1043,34,3,0
1044,8,8,0
1045,111,7,0
1046,8,18,0
1047,43,13,1
1048,33,8,0
1049,107,9,1
1050,74,2,2
1051,69,14,1
1052,109,2,2
1053,81,4,2
1054,25,13,1
1055,111,18,0
1056,29,10,1
1057,42,3,0
1058,101,10,1
1059,25,7,0
1060,42,14,0
1061,9,4,0
1062,42,16,0
1063,65,18,0
1064,22,11,1
1065,105,16,0
1066,109,9,1
1067,112,17,0
1068,111,17,0
1069,90,16,0
1070,71,16,0
1071,55,11,1
1072,3,11,1
1073,54,12,1
1074,82,18,0
1075,38,18,0
1076,100,4,2
1077,59,16,0
1078,38,14,0
1079,36,9,0
1080,40,15,0
1081,76,15,0
1082,79,1,2
1083,96,6,2
1084,14,17,0
1085,10,16,0
1086,101,4,2
1087,93,10,1
1088,100,17,0
1089,87,12,1
1090,114,6,2
1091,45,0,0
1092,13,9,0
1093,86,5,2
1094,82,4,2
1095,84,17,0
1096,10,0,0
1097,61,9,1
1098,102,4,2
1099,31,3,0
1100,37,4,0
1101,24,5,0
1102,109,7,0
1103,18,1,0
1104,110,1,2
1105,51,7,0
1106,80,3,2
1107,35,4,0
1108,15,1,0
1109,30,1,0
1110,88,7,0
1111,10,4,0
1112,94,3,2
1113,55,10,1
1114,8,4,0
1115,71,11,1
1116,116,3,2
1117,85,5,2
1118,6,17,0
1119,7,0,0
1120,51,12,1
1121,94,10,1
1122,66,0,2
1123,63,8,0
1124,107,10,1
1125,29,4,0
1126,1,1,0
1127,13,1,0
1128,0,5,0
1129,24,0,0
1130,83,15,0
1131,55,16,0
1132,60,6,0
1133,4,10,1
1134,68,10,1
1135,62,10,1
1136,58,10,1
1137,59,8,0
1138,64,5,2
1139,24,7,0
1140,49,16,0
1141,77,4,2
1142,59,14,0
1143,104,7,0
1144,29,17,0
1145,114,2,2
1146,65,12,1
1147,86,11,1
1148,30,10,1
1149,0,2,0
1150,111,6,2
1151,4,8,0
1152,35,8,0
1153,113,13,1
1154,7,0,0
1155,0,6,0
1156,115,11,1
1157,90,6,2
1158,69,13,1
1159,55,4,0
1160,116,11,1
1161,115,13,1
1162,62,3,2
1163,8,7,0
1164,110,15,0
1165,12,8,0
1166,61,15,0
1167,85,9,1
1168,120,0,2
1169,91,10,1
1170,93,5,2
1171,25,5,0
1172,57,15,0
1173,19,8,0
1174,120,12,1
1175,103,3,2
1176,66,16,0
1177,26,10,1
1178,23,18,0
1179,45,16,0
1180,9,6,0
1181,106,14,1
1182,111,13,1
1183,51,10,1
1184,100,9,1
1185,48,5,0
1186,23,8,0
1187,118,16,0
1188,29,4,0
1189,42,18,0
1190,17,2,0
1191,84,17,0
1192,119,15,0
1193,50,8,0
1194,66,17,0
1195,53,7,0
1196,18,5,0
1197,117,7,0
1198,87,2,2
1199,107,3,2
1200,100,13,1
1201,34,2,0
1202,79,17,0
1203,76,11,1
1204,49,7,0
1205,34,13,1
1206,15,3,0
1207,35,5,0
1208,38,3,0
1209,10,17,0
1210,15,7,0
1211,80,15,0
1212,44,13,1
1213,100,14,1
1214,37,15,0
1215,113,7,0
1216,0,18,0
1217,84,11,1
1218,32,7,0
1219,74,11,1
1220,91,18,0
1221,35,18,0
1222,50,2,0
1223,63,18,0
1224,40,5,0
1225,74,17,0
1226,107,13,1
1227,52,4,0
1228,90,14,1
1229,68,11,1
1230,13,11,1
1231,21,18,0
1232,93,11,1
1233,36,7,0
1234,40,8,0
1235,88,18,0
1236,85,16,0
1237,23,15,0
1238,25,1,0
1239,62,16,0
1240,13,7,0
1241,24,15,0
1242,75,4,2
1243,39,3,0
1244,78,9,1
1245,109,10,1
1246,63,18,0
1247,86,2,2
1248,90,2,2
1249,88,7,0
1250,104,1,2
1251,86,10,1
1252,117,3,2
1253,106,8,0
1254,43,1,0
1255,74,12,1
1256,17,7,0
1257,89,9,1
1258,57,12,1
1259,95,6,2
1260,94,8,0
1261,106,18,0
1262,51,11,1
1263,32,6,0
1264,29,14,0
1265,118,2,2
1266,108,13,1
1267,32,7,0
1268,73,4,2
1269,12,17,0
1270,43,17,0
1271,90,18,0
1272,30,7,0
1273,27,15,0
1274,101,6,2
1275,52,8,0
1276,63,13,1
1277,32,12,1
1278,32,6,0
1279,72,0,2
1280,67,13,1
1281,7,17,0
1282,29,6,0
1283,16,2,0
1284,72,14,1
1285,30,16,0
1286,82,16,0
1287,119,6,2
1288,10,1,0
1289,117,1,2
1290,91,9,1
1291,93,13,1
1292,111,5,2
1293,9,11,1
1294,36,17,0
1295,9,16,0
1296,49,0,0
1297,69,7,2
1298,14,15,0
1299,52,7,0
1300,92,16,0
1301,43,2,0
1302,6,3,0
1303,108,8,0
1304,55,13,1
1305,38,18,0
1306,96,11,1
1307,11,17,0
1308,96,17,0
1309,14,4,0
1310,23,9,0
1311,111,3,2
1312,38,17,0
1313,96,2,2
1314,16,0,0
1315,74,11,1
1316,31,5,0
1317,16,6,0
1318,69,4,2
1319,44,0,0
1320,31,2,0
1321,96,3,2
1322,103,16,0
1323,12,10,1
1324,82,16,0
1325,56,2,0
1326,72,5,2
1327,68,10,1
1328,82,8,0
1329,118,18,0
1330,118,1,2
1331,95,5,2
1332,79,8,0
1333,62,1,2
1334,50,3,0
1335,81,16,0
1336,95,10,1
1337,110,13,1
1338,89,4,2
1339,81,11,1
1340,32,2,0
1341,3,10,1
1342,41,7,0
1343,114,7,0
1344,88,5,2
1345,117,4,2
1346,14,4,0
1347,53,10,1
1348,9,13,1
1349,19,12,1
1350,75,16,0
1351,88,6,2
1352,112,0,2
1353,81,2,2
1354,54,6,0
1355,106,3,2
1356,85,6,2
1357,72,4,2
1358,106,5,2
1359,60,4,0
1360,23,12,1
1361,80,18,0
1362,105,16,0
1363,57,18,0
1364,27,14,0
1365,1,15,0
1366,74,13,1
1367,33,7,0
1368,40,17,0
1369,84,10,1
1370,48,1,0
1371,5,1,0
1372,25,18,0
1373,81,4,2
1374,10,5,0
1375,53,15,0
1376,11,8,0
1377,7,12,1
1378,49,6,0
1379,86,8,0
1380,78,10,1
1381,64,15,0
1382,37,9,0
1383,31,14,0
1384,46,5,0
1385,3,11,1
1386,68,3,2
1387,10,14,0
1388,55,15,0
1389,61,5,2
1390,67,7,2
1391,94,9,1
1392,25,2,0
1393,90,9,1
1394,79,0,2
1395,101,4,2
1396,87,3,2
1397,34,10,1
1398,66,10,1
1399,24,5,0
1400,67,10,1
1401,112,17,0
1402,118,10,1
1403,98,9,1
1404,107,9,1
1405,10,1,0
1406,38,4,0
1407,14,0,0
1408,107,0,2
1409,72,7,2
1410,110,13,1
1411,90,17,0
1412,19,10,1
1413,60,10,0
1414,52,18,0
1415,81,14,1
1416,107,6,2
1417,100,18,0
1418,18,9,0
1419,103,5,2
1420,51,0,0
1421,42,9,0
1422,102,14,1
1423,79,3,2
1424,2,15,0
1425,117,18,0
1426,43,15,0
1427,56,7,0
1428,71,9,1
1429,107,11,1
1430,65,14,1
1431,49,7,0
1432,71,10,1
1433,74,7,2
1434,101,14,1
1435,19,9,0
1436,84,6,2
1437,38,10,1
1438,9,7,0
1439,66,9,1
1440,68,6,2
1441,50,7,0
1442,107,3,2
1443,100,12,1
1444,4,14,0
1445,34,7,0
1446,28,4,0
1447,21,10,1
1448,76,17,0
1449,100,1,2
1450,16,1,0
1451,58,11,1
1452,42,6,0
1453,117,13,1
1454,86,2,2
1455,2,15,0
1456,13,14,0
1457,99,18,0
1458,29,1,0
1459,48,7,0
1460,118,12,1
1461,100,18,0
1462,77,5,2
1463,83,11,1
1464,71,2,2
1465,55,17,0
1466,29,12,1
1467,92,5,2
1468,98,10,1
1469,35,1,0
1470,21,1,0
1471,76,9,1
1472,60,2,0
1473,77,10,1
1474,118,16,0
1475,62,7,2
1476,72,11,1
1477,15,3,0
1478,11,12,1
1479,3,11,1
1480,112,15,0
1481,52,16,0
1482,58,2,0
1483,68,8,0
1484,19,4,0
1485,35,16,0
1486,3,0,0
1487,43,11,1
1488,50,9,0
1489,10,1,0
1490,17,16,0
1491,101,0,2
1492,23,8,0
1493,57,17,0
1494,111,16,0
1495,64,18,0
1496,97,11,1
1497,30,11,1
1498,100,13,1
1499,11,3,0
1500,119,16,0
1501,54,16,0
1502,10,1,0
1503,18,10,1
1504,29,16,0
1505,54,18,0
1506,102,13,1
1507,41,4,0
1508,109,15,0
1509,67,7,2
1510,23,7,0
1511,10,15,0
1512,7,8,0
1513,24,5,0
1514,52,5,0
1515,23,4,0
1516,29,3,0
1517,6,8,0
1518,26,10,1
1519,81,17,0
1520,100,11,1
1521,29,16,0
1522,81,17,0
1523,44,15,0
1524,9,11,1
1525,117,4,2
1526,47,3,0
1527,119,8,0
1528,118,12,1
1529,75,14,1
1530,84,18,0
1531,102,13,1
1532,110,15,0
1533,71,5,2
1534,96,16,0
1535,9,14,0
1536,89,8,0
1537,34,11,1
1538,17,7,0
1539,28,5,0
1540,84,0,2
1541,94,2,2
1542,57,2,0
1543,98,15,0
1544,45,1,0
1545,62,1,2
1546,72,5,2
1547,92,4,2
1548,100,14,1
1549,12,1,0
1550,55,1,0
1551,25,5,0
1552,61,1,2
1553,14,3,0
1554,119,14,1
1555,42,4,0
1556,109,1,2
1557,95,2,2
1558,1,8,0
1559,1,14,0
1560,41,1,0
1561,64,0,2
1562,8,18,0
1563,69,13,1
1564,87,13,1
1565,84,1,2
1566,103,6,2
1567,41,9,0
1568,73,1,2
1569,12,17,0
1570,101,12,1
1571,47,9,0
1572,101,14,1
1573,45,0,0
1574,45,5,0
1575,112,6,2
1576,24,15,0
1577,105,5,2
1578,105,14,1
1579,41,1,0
1580,45,11,1
1581,74,3,2
1582,117,8,0
1583,3,3,0
1584,118,7,0
1585,34,6,0
1586,56,17,0
1587,92,5,2
1588,17,14,0
1589,93,6,2
1590,53,2,0
1591,61,7,2
1592,48,13,1
1593,96,11,1
1594,27,12,1
1595,10,14,0
1596,87,16,0
1597,40,2,0
1598,93,2,2
1599,116,18,0
1600,114,16,0
1601,61,14,1
1602,47,7,0
1603,109,5,2
1604,74,7,2
1605,43,9,0
1606,38,4,0
1607,107,3,2
1608,7,7,0
1609,25,4,0
1610,91,15,0
1611,62,10,1
1612,17,17,0
1613,14,17,0
1614,33,18,0
1615,65,18,0
1616,70,0,2
1617,47,13,1
1618,6,1,0
1619,37,14,0
1620,29,4,0
1621,12,3,0
1622,116,13,1
1623,110,2,2
1624,90,0,2
1625,114,1,2
1626,8,1,0
1627,112,1,2
1628,108,2,2
1629,86,18,0
1630,119,9,1
1631,58,8,0
1632,35,15,0
1633,114,9,1
1634,36,6,0
1635,115,11,1
1636,119,8,0
1637,90,17,0
1638,11,7,0
1639,58,2,0
1640,97,1,2
1641,103,14,1
1642,25,4,0
1643,107,15,0
1644,65,4,2
1645,96,2,2
1646,18,5,0
1647,108,13,1
1648,76,18,0
1649,15,15,0
1650,90,14,1
1651,40,6,0
1652,43,18,0
1653,55,1,0
1654,7,13,1
1655,46,6,0
1656,22,17,0
1657,63,2,2
1658,53,14,0
1659,47,12,1
1660,18,6,0
1661,49,14,0
1662,41,15,0
1663,77,8,0
1664,105,18,0
1665,29,8,0
1666,104,0,2
1667,76,4,2
1668,35,1,0
1669,62,13,1
1670,112,5,2
1671,12,0,0
1672,11,18,0
1673,96,16,0
1674,28,18,0
1675,0,7,0
1676,48,10,1
1677,15,10,1
1678,68,1,2
1679,45,16,0
1680,64,17,0
1681,35,6,0
1682,5,5,0
1683,0,0,0
1684,13,7,0
1685,20,12,1
1686,8,5,0
1687,8,9,0
1688,82,15,0
1689,35,8,0
1690,4,6,0
1691,102,9,1
1692,72,10,1
1693,67,15,0
1694,2,11,1
1695,81,9,1
1696,98,3,2
1697,60,15,0
1698,41,3,0
1699,71,4,2
1700,91,2,2
1701,56,6,0
1702,74,17,0
1703,26,17,0
1704,14,9,0
1705,113,7,0
1706,45,5,0
1707,63,5,2
1708,94,11,1
1709,82,11,1
1710,39,15,0
1711,72,1,2
1712,61,16,0
1713,99,16,0
1714,111,12,1
1715,5,18,0
1716,21,16,0
1717,99,12,1
1718,67,5,2
1719,73,0,2
1720,29,4,0
1721,76,12,1
1722,111,4,2
1723,65,11,1
1724,39,1,0
1725,63,4,2
1726,28,7,0
1727,44,15,0
1728,100,12,1
1729,85,16,0
1730,14,9,0
1731,21,6,0
1732,108,12,1
1733,103,17,0
1734,120,13,1
1735,10,12,1
1736,67,17,0
1737,60,15,0
1738,44,18,0
1739,62,0,2
1740,13,11,1
1741,96,18,0
1742,30,17,0
1743,85,5,2
1744,75,10,1
1745,28,15,0
1746,9,6,0
1747,31,7,0
1748,108,12,1
1749,29,12,1
1750,71,0,2
1751,61,4,2
1752,108,16,0
1753,113,14,1
1754,90,18,0
1755,51,8,0
1756,118,17,0
1757,51,9,0
1758,1,14,0
1759,77,15,0
1760,80,16,0
1761,89,12,1
1762,79,2,2
1763,10,9,0
1764,36,1,0
1765,87,5,2
1766,84,7,0
1767,93,14,1
1768,89,10,1
1769,16,7,0
1770,116,6,2
1771,101,4,2
1772,103,11,1
1773,30,12,1
1774,45,12,1
1775,46,18,0
1776,69,0,2
1777,38,4,0
1778,44,14,0
1779,97,14,1
1780,91,10,1
1781,79,13,1
1782,118,11,1
1783,11,8,0
1784,113,12,1
1785,75,13,1
1786,56,0,0
1787,91,5,2
1788,113,6,2
1789,59,9,0
1790,93,10,1
1791,87,18,0
1792,29,14,0
1793,12,11,1
1794,102,11,1
1795,35,16,0
1796,83,0,2
1797,30,5,0
1798,61,7,2
1799,33,17,0
1800,42,11,1
1801,64,4,2
1802,64,18,0
1803,84,18,0
1804,12,0,0
1805,13,4,0
1806,87,3,2
1807,41,8,0
1808,103,16,0
1809,47,16,0
1810,110,6,2
1811,17,11,1
1812,14,9,0
1813,19,0,0
1814,42,5,0
1815,118,13,1
1816,72,10,1
1817,89,9,1
1818,30,0,0
1819,75,3,2
1820,4,14,0
1821,83,17,0
1822,17,10,1
1823,3,16,0
1824,44,6,0
1825,14,17,0
1826,100,18,0
1827,0,14,0
1828,72,1,2
1829,49,1,0
1830,97,1,2
1831,4,8,0
1832,116,14,1
1833,8,17,0
1834,88,7,0
1835,96,12,1
1836,80,18,0
1837,97,12,1
1838,114,7,0
1839,99,0,2
1840,55,13,1
1841,106,3,2
1842,65,13,1
1843,23,7,0
1844,67,13,1
1845,116,16,0
1846,10,16,0
1847,54,10,1
1848,31,15,0
1849,15,11,1
1850,10,18,0
1851,29,18,0
1852,20,11,1
1853,62,11,1
1854,65,11,1
1855,93,18,0
1856,51,17,0
1857,26,16,0
1858,63,0,2
1859,56,0,0
1860,85,16,0
1861,109,17,0
1862,101,18,0
1863,41,1,0
1864,115,17,0
1865,79,2,2
1866,78,5,2
1867,8,13,1
1868,76,4,2
1869,14,11,1
1870,15,7,0
1871,14,5,0
1872,33,18,0
1873,3,3,0
1874,119,13,1
1875,85,15,0
1876,95,3,2
1877,69,15,0
1878,89,1,2
1879,113,10,1
1880,14,8,0
1881,38,17,0
1882,20,12,1
1883,11,8,0
1884,67,5,2
1885,118,3,2
1886,10,1,0
1887,93,18,0
1888,63,5,2
1889,105,18,0
1890,35,6,0
1891,48,6,0
1892,90,17,0
1893,30,12,1
1894,101,9,1
1895,98,13,1
1896,43,11,1
1897,54,15,0
1898,81,12,1
1899,37,5,0
1900,7,13,1
1901,10,13,1
1902,118,11,1
1903,25,6,0
1904,88,14,1
1905,105,12,1
1906,117,17,0
1907,26,8,0
1908,22,12,1
1909,26,9,0
1910,110,12,1
1911,75,15,0
1912,88,7,0
1913,18,6,0
1914,68,7,2
1915,98,14,1
1916,7,18,0
1917,108,12,1
1918,66,15,0
1919,30,4,0
1920,116,15,0
1921,62,4,2
1922,49,11,1
1923,80,17,0
1924,1,10,1
1925,61,10,1
1926,11,14,0
1927,110,3,2
1928,106,9,1
1929,35,14,0
1930,24,7,0
1931,34,3,0
1932,86,2,2
1933,47,12,1
1934,17,0,0
1935,1,7,0
1936,47,15,0
1937,27,16,0
1938,8,12,1
1939,8,15,0
1940,83,13,1
1941,17,7,0
1942,50,17,0
1943,50,0,0
1944,25,12,1
1945,28,5,0
1946,63,13,1
1947,13,14,0
1948,13,5,0
1949,84,2,2
1950,97,10,1
1951,42,11,1
1952,25,15,0
1953,28,16,0
1954,110,0,2
1955,86,7,0
1956,0,9,0
1957,58,1,0
1958,36,4,0
1959,24,3,0
1960,80,14,1
1961,90,2,2
1962,29,18,0
1963,92,7,0
1964,87,15,0
1965,115,15,0
1966,27,16,0
1967,73,16,0
1968,56,9,0
1969,67,13,1
1970,117,11,1
1971,23,12,1
1972,8,2,0
1973,64,10,1
1974,108,4,2
1975,62,17,0
1976,108,3,2
1977,25,11,1
1978,104,14,1
1979,72,8,0
1980,23,14,0
1981,30,10,1
1982,112,11,1
1983,72,10,1
1984,23,2,0
1985,57,5,0
1986,27,13,1
1987,90,13,1
1988,63,15,0
1989,37,13,1
1990,89,1,2
1991,65,16,0
1992,48,16,0
1993,74,14,1
1994,108,15,0
1995,100,18,0
1996,93,15,0
1997,21,13,1
1998,109,7,0
1999,90,1,2
2000,59,17,0
2001,74,6,2
2002,50,10,1
2003,67,14,1
2004,78,10,1
2005,96,1,2
2006,50,16,0
2007,7,12,1
2008,9,9,0
2009,113,17,0
2010,7,2,0
2011,99,5,2
2012,30,3,0
2013,83,14,1
2014,23,0,0
2015,108,18,0
2016,16,17,0
2017,8,4,0
2018,32,12,1
2019,84,1,2
2020,30,8,0
2021,73,1,2
2022,90,10,1
2023,102,8,0
2024,6,1,0
2025,91,4,2
2026,34,12,1
2027,74,2,2
2028,115,5,2
2029,115,9,1
2030,116,13,1
2031,80,8,0
2032,46,12,1
2033,54,7,0
2034,96,16,0
2035,69,3,2
2036,9,7,0
2037,37,6,0
2038,59,5,0
2039,107,0,2
2040,57,18,0
2041,4,0,0
2042,48,7,0
2043,12,3,0
2044,79,2,2
2045,50,14,0
2046,72,12,1
2047,71,4,2
2048,94,13,1
2049,118,17,0
2050,83,15,0
2051,110,5,2
2052,119,14,1
2053,83,9,1
2054,97,13,1
2055,100,5,2
2056,6,4,0
2057,75,6,2
2058,82,5,2
2059,83,16,0
2060,6,0,0
2061,102,18,0
2062,85,7,0
2063,60,7,0
2064,62,9,1
2065,74,1,2
2066,27,9,0
2067,31,11,1
2068,58,17,0
2069,6,5,0
2070,79,15,0
2071,97,16,0
2072,42,15,0
2073,15,10,1
2074,91,7,0
2075,86,7,0
2076,109,3,2
2077,14,1,0
2078,70,1,2
2079,87,9,1
2080,45,18,0
2081,75,3,2
2082,51,15,0
2083,56,6,0
2084,81,18,0
2085,84,15,0
2086,119,0,2
2087,49,6,0
2088,36,6,0
2089,17,3,0
2090,83,7,0
2091,51,15,0
2092,54,5,0
2093,87,11,1
2094,29,14,0
2095,54,4,0
2096,47,13,1
2097,36,18,0
2098,87,2,2
2099,59,8,0
2100,59,4,0
2101,57,3,0
2102,115,7,0
2103,13,8,0
2104,109,10,1
2105,97,11,1
2106,114,16,0
2107,82,4,2
2108,15,7,0
2109,29,1,0
2110,19,8,0
2111,73,0,2
2112,107,2,2
2113,70,2,2
2114,92,4,2
2115,112,12,1
2116,79,13,1
2117,10,0,0
2118,1,5,0
2119,111,12,1
2120,46,14,0
2121,82,17,0
2122,109,12,1
2123,86,17,0
2124,91,9,1
2125,88,17,0
2126,120,11,1
2127,95,11,1
2128,116,6,2
2129,113,11,1
2130,43,16,0
2131,0,3,0
2132,72,7,2
2133,116,18,0
2134,7,5,0
2135,50,7,0
2136,98,14,1
2137,12,6,0
2138,75,4,2
2139,73,1,2
2140,46,9,0
2141,24,5,0
2142,50,3,0
2143,4,6,0
2144,45,10,1
2145,31,6,0
2146,53,13,1
2147,102,9,1
2148,96,16,0
2149,77,16,0
2150,119,10,1
2151,70,3,2
2152,110,3,2
2153,63,4,2
2154,111,15,0
2155,110,7,0
2156,98,11,1
2157,53,6,0
2158,55,16,0
2159,23,1,0
2160,42,3,0
2161,2,10,1
2162,84,16,0
2163,111,8,0
2164,57,5,0
2165,87,17,0
2166,55,6,0
2167,82,0,2
2168,93,4,2
2169,6,6,0
2170,24,6,0
2171,103,0,2
2172,7,11,1
2173,42,9,0
2174,74,5,2
2175,114,3,2
2176,64,1,2
2177,114,8,0
2178,86,13,1
2179,1,2,0
2180,109,16,0
2181,93,17,0
2182,83,6,2
2183,47,12,1
2184,63,17,0
2185,3,0,0
2186,23,7,0
2187,104,8,0
2188,30,8,0
2189,12,6,0
2190,71,3,2
2191,92,14,1
2192,66,1,2
2193,9,0,0
2194,57,14,0
2195,60,16,0
2196,21,16,0
2197,15,13,1
2198,43,0,0
2199,114,1,2
2200,8,10,1
2201,105,16,0
2202,110,7,0
2203,68,13,1
2204,120,7,0
2205,9,14,0
2206,82,9,1
2207,51,5,0
2208,29,18,0
2209,79,16,0
2210,38,6,0
2211,45,10,1
2212,36,10,1
2213,79,0,2
2214,104,16,0
2215,15,12,1
2216,76,5,2
2217,18,10,1
2218,36,9,0
2219,84,5,2
2220,107,17,0
2221,103,13,1
2222,104,17,0
2223,45,15,0
2224,100,7,0
2225,2,7,0
2226,90,14,1
2227,87,5,2
2228,89,3,2
2229,114,10,1
2230,108,16,0
2231,66,6,2
2232,57,14,0
2233,32,12,1
2234,117,4,2
2235,20,9,0
2236,108,12,1
2237,11,16,0
2238,24,7,0
2239,35,17,0
2240,51,18,0
2241,110,1,2
2242,42,9,0
2243,50,18,0
2244,76,15,0
2245,82,13,1
2246,57,17,0
2247,62,8,0
2248,104,16,0
2249,89,16,0
2250,103,4,2
2251,111,17,0
2252,0,18,0
2253,25,17,0
2254,114,10,1
2255,34,11,1
2256,21,8,0
2257,12,11,1
2258,95,8,0
2259,90,12,1
2260,57,18,0
2261,45,13,1
2262,76,9,1
2263,10,17,0
2264,82,18,0
2265,53,4,0
2266,58,15,0
2267,87,14,1
2268,82,11,1
2269,20,3,0
2270,110,15,0
2271,55,12,1
2272,80,10,1
2273,34,11,1
2274,109,3,2
2275,25,4,0
2276,64,6,2
2277,42,13,1
2278,95,10,1
2279,22,7,0
2280,57,11,1
2281,10,11,1
2282,80,16,0
2283,36,10,1
2284,6,11,1
2285,3,5,0
2286,90,5,2
2287,27,1,0
2288,24,3,0
2289,27,18,0
2290,59,2,0
2291,96,8,0
2292,14,4,0
2293,102,12,1
2294,54,7,0
2295,19,0,0
2296,73,6,2
2297,4,3,0
2298,40,10,1
2299,36,18,0
2300,118,0,2
2301,89,15,0
2302,30,18,0
2303,74,15,0
2304,88,5,2
2305,13,13,1
2306,99,2,2
2307,117,2,2
2308,4,13,1
2309,88,3,2
2310,103,9,1
2311,67,13,1
2312,78,0,2
2313,97,17,0
2314,22,17,0
2315,75,10,1
2316,51,2,0
2317,27,10,1
2318,50,2,0
2319,22,7,0
2320,5,11,1
2321,102,6,2
2322,97,15,0
2323,101,12,1
2324,48,0,0
2325,55,17,0
2326,42,5,0
2327,90,4,2
2328,28,4,0
2329,21,1,0
2330,92,1,2
2331,112,15,0
2332,14,8,0
2333,53,4,0
2334,108,2,2
2335,35,12,1
2336,16,14,0
2337,118,3,2
2338,19,11,1
2339,93,7,0
2340,115,10,1
2341,116,2,2
2342,119,17,0
2343,35,10,1
2344,90,14,1
2345,10,1,0
2346,105,2,2
2347,31,4,0
2348,83,4,2
2349,62,16,0
2350,39,13,1
2351,99,17,0
2352,68,6,2
2353,65,18,0
2354,110,8,0
2355,5,0,0
2356,30,7,0
2357,96,7,0
2358,67,3,2
2359,60,12,0
2360,81,1,2
2361,85,5,2
2362,57,9,0
2363,78,8,0
2364,73,6,2
2365,84,1,2
2366,2,13,1
2367,8,15,0
2368,26,2,0
2369,69,9,1
2370,34,14,0
2371,80,3,2
2372,25,3,0
2373,40,3,0
2374,120,4,2
2375,56,5,0
2376,37,11,1
2377,64,17,0
2378,22,3,0
2379,36,2,0
2380,43,16,0
2381,61,8,0
2382,120,9,1
2383,114,3,2
2384,94,8,0
2385,103,16,0
2386,111,7,0
2387,103,5,2
2388,1,17,0
2389,1,16,0
2390,29,10,1
2391,38,4,0
2392,73,13,1
2393,71,14,1
2394,44,18,0
2395,56,18,0
2396,120,0,2
2397,108,9,1
2398,63,2,2
2399,50,18,0
2400,18,12,1
2401,110,7,0
2402,42,10,1
2403,63,14,1
2404,18,15,0
2405,120,13,1
2406,7,7,0
2407,1,14,0
2408,8,11,1
2409,87,13,1
2410,53,18,0
2411,22,14,0
2412,10,18,0
2413,38,5,0
2414,5,4,0
2415,86,16,0
2416,49,14,0
2417,47,5,0
2418,117,9,1
2419,105,10,1
2420,23,3,0
2421,13,0,0
2422,7,13,1
2423,1,10,1
2424,48,12,1
2425,1,8,0
2426,91,7,0
2427,7,1,0
2428,28,5,0
2429,63,17,0
2430,90,0,2
2431,36,15,0
2432,19,8,0
2433,33,6,0
2434,42,5,0
2435,95,4,2
2436,34,12,1
2437,6,10,1
2438,94,13,1
2439,27,11,1
2440,38,11,1
2441,60,6,0
2442,93,2,2
2443,63,12,1
2444,17,0,0
2445,64,8,0
2446,22,1,0
2447,29,14,0
2448,21,7,0
2449,64,9,1
2450,100,1,2
2451,68,13,1
2452,75,3,2
2453,28,17,0
2454,86,16,0
2455,86,9,1
2456,74,8,0
2457,3,17,0
2458,3,1,0
2459,37,16,0
2460,96,7,0
2461,90,17,0
2462,15,17,0
2463,71,16,0
2464,80,10,1
2465,109,6,2
2466,23,13,1
2467,83,2,2
2468,3,15,0
2469,100,14,1
2470,116,12,1
2471,88,0,2
2472,31,6,0
2473,26,14,0
2474,120,6,2
2475,71,13,1
2476,100,11,1
2477,79,0,2
2478,63,2,2
2479,100,5,2
2480,66,4,2
2481,28,11,1
2482,58,6,0
2483,110,4,2
2484,103,15,0
2485,10,1,0
2486,46,5,0
2487,85,14,1
2488,95,8,0
2489,40,16,0
2490,27,8,0
2491,61,6,2
2492,33,2,0
2493,57,1,0
2494,101,6,2
2495,22,2,0
2496,112,18,0
2497,28,2,0
2498,38,13,1
2499,13,3,0
2500,14,0,0
2501,20,11,1
2502,95,12,1
2503,86,3,2
2504,85,2,2
2505,98,13,1
2506,18,8,0
2507,111,7,0
2508,14,12,1
2509,13,14,0
2510,49,15,0
2511,8,1,0
2512,56,15,0
2513,114,17,0
2514,58,17,0
2515,55,2,0
2516,60,8,0
2517,3,0,0
2518,110,1,2
2519,30,14,0
2520,77,9,1
2521,94,5,2
2522,50,17,0
2523,103,11,1
2524,0,3,0
2525,22,16,0
2526,29,1,0
2527,91,2,2
2528,47,15,0
2529,66,15,0
2530,32,12,1
2531,23,3,0
2532,96,7,0
2533,5,10,1
2534,15,16,0
2535,29,3,0
2536,36,8,0
2537,104,4,2
2538,59,17,0
2539,105,16,0
2540,41,17,0
2541,7,0,0
2542,64,18,0
2543,8,16,0
2544,8,5,0
2545,75,10,1
2546,33,11,1
2547,16,0,0
2548,43,13,1
2549,8,0,0
2550,73,11,1
2551,101,17,0
2552,37,3,0
2553,83,14,1
2554,108,6,2
2555,9,14,0
2556,53,11,1
2557,35,13,1
2558,57,17,0
2559,48,16,0
2560,11,1,0
2561,101,0,2
2562,96,6,2
2563,85,4,2
2564,1,18,0
2565,9,14,0
2566,93,10,1
2567,20,11,1
2568,83,14,1
2569,54,6,0
2570,67,5,2
2571,5,4,0
2572,53,17,0
2573,98,2,2
2574,104,2,2
2575,95,18,0
2576,8,6,0
2577,102,13,1
2578,24,8,0
2579,88,18,0
2580,67,4,2
2581,85,8,0
2582,14,6,0
2583,89,11,1
2584,82,15,0
2585,10,4,0
2586,39,8,0
2587,105,17,0
2588,49,18,0
2589,57,17,0
2590,48,4,0
2591,65,7,2
2592,114,16,0
2593,4,7,0
2594,32,3,0
2595,18,13,1
2596,75,2,2
2597,92,4,2
2598,41,10,1
2599,100,5,2
2600,118,2,2
2601,109,4,2
2602,58,17,0
2603,51,12,1
2604,80,2,2
2605,5,9,0
2606,47,3,0
2607,94,13,1
2608,58,11,1
2609,56,16,0
2610,16,3,0
2611,25,5,0
2612,49,5,0
2613,15,15,0
2614,94,4,2
2615,40,16,0
2616,58,14,0
2617,79,11,1
2618,119,6,2
2619,74,3,2
2620,65,10,1
2621,117,9,1
2622,40,16,0
2623,120,9,1
2624,98,10,1
2625,64,16,0
2626,2,14,0
2627,52,8,0
2628,6,11,1
2629,70,18,0
2630,92,17,0
2631,54,13,1
2632,51,8,0
2633,6,18,0
2634,104,7,0
2635,16,17,0
2636,112,4,2
2637,24,1,0
2638,10,0,0
2639,23,10,1
2640,51,13,1
2641,105,18,0
2642,4,17,0
2643,77,5,2
2644,61,17,0
2645,112,15,0
2646,83,6,2
2647,113,4,2
2648,18,3,0
2649,109,14,1
2650,84,13,1
2651,101,18,0
2652,69,13,1
2653,13,7,0
2654,13,3,0
2655,57,13,1
2656,1,18,0
2657,67,12,1
2658,72,17,0
2659,65,3,2
2660,118,7,0
2661,3,10,1
2662,56,6,0
2663,19,6,0
2664,94,9,1
2665,24,13,1
2666,102,15,0
2667,103,13,1
2668,10,9,0
2669,8,7,0
2670,31,2,0
2671,50,18,0
2672,85,12,1
2673,79,7,2
2674,91,0,2
2675,14,14,0
2676,55,16,0
2677,8,12,1
2678,3,12,1
2679,66,9,1
2680,45,1,0
2681,58,1,0
2682,86,2,2
2683,21,4,0
2684,102,13,1
2685,108,10,1
2686,72,7,2
2687,69,15,0
2688,19,10,1
2689,47,11,1
2690,83,13,1
2691,109,13,1
2692,59,18,0
2693,68,4,2
2694,66,7,2
2695,119,16,0
2696,41,18,0
2697,104,11,1
2698,85,9,1
2699,103,3,2
2700,90,7,0
2701,96,12,1
2702,97,9,1
2703,96,1,2
2704,64,7,2
2705,89,5,2
2706,55,0,0
2707,3,18,0
2708,111,7,0
2709,12,0,0
2710,40,11,1
2711,15,3,0
2712,33,4,0
2713,10,3,0
2714,115,7,0
2715,45,16,0
2716,111,18,0
2717,59,9,0
2718,47,10,1
2719,52,15,0
2720,20,17,0
2721,86,9,1
2722,21,4,0
2723,113,15,0
2724,119,5,2
2725,93,3,2
2726,105,2,2
2727,26,6,0
2728,117,11,1
2729,0,18,0
2730,102,4,2
2731,98,17,0
2732,56,15,0
2733,87,10,1
2734,104,3,2
2735,61,11,1
2736,52,7,0
2737,40,11,1
2738,25,8,0
2739,64,3,2
2740,106,2,2
2741,47,6,0
2742,117,15,0
2743,80,14,1
2744,114,1,2
2745,77,6,2
2746,111,13,1
2747,91,15,0
2748,21,1,0
2749,35,7,0
2750,16,12,1
2751,8,10,1
2752,108,10,1
2753,15,10,1
2754,98,8,0
2755,0,15,0
2756,120,6,2
2757,66,16,0
2758,20,0,0
2759,62,16,0
2760,3,1,0
2761,91,14,1
2762,36,2,0
2763,7,18,0
2764,6,18,0
2765,39,9,0
2766,84,18,0
2767,49,2,0
2768,42,11,1
2769,58,13,1
2770,32,7,0
2771,35,14,0
2772,97,5,2
2773,64,17,0
2774,69,0,2
2775,14,16,0
2776,11,0,0
2777,103,15,0
2778,76,8,0
2779,93,15,0
2780,84,3,2
2781,14,4,0
2782,102,7,0
2783,54,9,0
2784,25,11,1
2785,44,11,1
2786,82,6,2
2787,93,2,2
2788,58,1,0
2789,73,2,2
2790,37,16,0
2791,40,5,0
2792,118,11,1
2793,15,1,0
2794,41,11,1
2795,65,3,2
2796,10,5,0
2797,32,9,0
2798,114,18,0
2799,90,2,2
2800,34,0,0
2801,65,7,2
2802,98,6,2
2803,40,0,0
2804,58,6,0
2805,105,7,0
2806,45,14,0
2807,106,18,0
2808,86,14,1
2809,47,15,0
2810,100,0,2
2811,4,0,0
2812,28,1,0
2813,21,0,0
2814,22,0,0
2815,25,14,0
2816,29,17,0
2817,12,2,0
2818,106,8,0
2819,76,2,2
2820,49,12,1
2821,32,18,0
2822,109,5,2
2823,70,0,2
2824,37,13,1
2825,27,8,0
2826,69,6,2
2827,20,13,1
2828,52,15,0
2829,30,6,0
2830,16,12,1
2831,80,10,1
2832,43,5,0
2833,52,7,0
2834,94,2,2
2835,8,5,0
2836,22,3,0
2837,110,13,1
2838,106,5,2
2839,79,12,1
2840,40,12,1
2841,58,2,0
2842,12,18,0
2843,44,8,0
2844,5,16,0
2845,31,14,0
2846,12,12,1
2847,50,10,1
2848,115,12,1
2849,28,13,1
2850,8,7,0
2851,96,6,2
2852,36,15,0
2853,18,2,0
2854,94,0,2
2855,27,18,0
2856,68,10,1
2857,38,2,0
2858,72,12,1
2859,38,18,0
2860,107,13,1
2861,50,4,0
2862,88,15,0
2863,63,4,2
2864,53,5,0
2865,46,16,0
2866,12,13,1
2867,48,11,1
2868,14,0,0
2869,120,10,1
2870,109,2,2
2871,49,13,1
2872,114,13,1
2873,12,17,0
2874,50,10,1
2875,70,10,1
2876,6,1,0
2877,96,17,0
2878,109,1,2
2879,112,17,0
2880,57,3,0
2881,100,12,1
2882,9,16,0
2883,63,3,2
2884,52,0,0
2885,11,15,0
2886,89,7,0
2887,16,9,0
2888,17,9,0
2889,60,13,0
2890,113,0,2
2891,3,0,0
2892,73,11,1
2893,115,13,1
2894,0,11,1
2895,72,8,0
2896,2,17,0
2897,14,10,1
2898,100,15,0
2899,49,18,0
2900,106,5,2
2901,78,7,2
2902,24,17,0
2903,40,2,0
2904,89,5,2
2905,41,15,0
2906,39,18,0
2907,54,10,1
2908,20,4,0
2909,34,12,1
2910,51,17,0
2911,84,6,2
2912,77,0,2
2913,99,6,2
2914,93,9,1
2915,66,1,2
2916,58,16,0
2917,97,12,1
2918,65,0,2
2919,96,17,0
2920,56,15,0
2921,85,3,2
2922,62,5,2
2923,38,2,0
2924,106,5,2
2925,60,16,0
2926,44,11,1
2927,54,12,1
2928,120,14,1
2929,79,7,2
2930,45,17,0
2931,73,5,2
2932,54,18,0
2933,27,2,0
2934,78,2,2
2935,52,16,0
2936,3,7,0
2937,76,11,1
2938,62,5,2
2939,90,1,2
2940,68,2,2
2941,15,3,0
2942,22,16,0
2943,32,13,1
2944,64,17,0
2945,83,9,1
2946,73,3,2
2947,113,4,2
2948,93,16,0
2949,103,2,2
2950,18,8,0
2951,86,6,2
2952,96,15,0
2953,53,3,0
2954,86,9,1
2955,65,13,1
2956,38,0,0
2957,89,11,1
2958,21,18,0
2959,46,14,0
2960,93,16,0
2961,62,5,2
2962,52,14,0
2963,100,14,1
2964,39,0,0
2965,92,5,2
2966,37,4,0
2967,18,6,0
2968,35,15,0
2969,115,6,2
2970,32,14,0
2971,21,0,0
2972,7,7,0
2973,1,14,0
2974,47,10,1
2975,8,17,0
2976,114,2,2
2977,34,7,0
2978,87,13,1
2979,25,7,0
2980,114,14,1
2981,23,14,0
2982,87,9,1
2983,70,1,2
2984,94,16,0
2985,23,0,0
2986,10,13,1
2987,118,5,2
2988,38,14,0
2989,17,5,0
2990,27,6,0
2991,11,1,0
2992,69,11,1
2993,1,6,0
2994,41,17,0
2995,105,13,1
2996,83,6,2
2997,66,12,1
2998,68,7,2
2999,84,9,1
3000,57,16,0
3001,70,1,2
3002,67,17,0
3003,24,17,0
3004,97,16,0
3005,54,9,0
3006,97,13,1
3007,86,2,2
3008,18,18,0
3009,1,4,0
3010,28,15,0
3011,27,12,1
3012,112,15,0
3013,15,18,0
3014,115,2,2
3015,74,10,1
3016,52,0,0
3017,28,18,0
3018,68,1,2
3019,43,5,0
3020,22,6,0
3021,74,9,1
3022,70,5,2
3023,113,5,2
3024,52,11,1
3025,30,11,1
3026,88,18,0
3027,113,14,1
3028,118,14,1
3029,25,17,0
3030,91,17,0
3031,6,11,1
3032,102,1,2
3033,64,4,2
3034,36,16,0
3035,35,10,1
3036,114,2,2
3037,24,2,0
3038,68,8,0
3039,4,7,0
3040,51,15,0
3041,98,10,1
3042,71,15,0
3043,52,14,0
3044,83,10,1
3045,119,7,0
3046,120,15,0
3047,48,7,0
3048,50,12,1
3049,115,2,2
3050,48,15,0
3051,19,15,0
3052,64,16,0
3053,34,5,0
3054,55,12,1
3055,62,0,2
3056,32,11,1
3057,32,14,0
3058,96,11,1
3059,19,14,0
3060,15,15,0
3061,81,5,2
3062,61,6,2
3063,43,7,0
3064,105,5,2
3065,106,8,0
3066,47,6,0
3067,15,13,1
3068,101,5,2
3069,21,17,0
3070,72,5,2
3071,39,11,1
3072,16,10,1
3073,17,9,0
3074,106,13,1
3075,69,8,0
3076,41,18,0
3077,24,5,0
3078,73,0,2
3079,57,17,0
3080,117,13,1
3081,97,1,2
3082,32,10,1
3083,86,12,1
3084,11,18,0
3085,51,4,0
3086,15,5,0
3087,8,8,0
3088,114,4,2
3089,114,17,0
3090,66,0,2
3091,103,12,1
3092,120,2,2
3093,82,11,1
3094,90,10,1
3095,19,0,0
3096,91,15,0
3097,102,17,0
3098,10,2,0
3099,103,13,1
3100,51,17,0
3101,61,4,2
3102,101,5,2
3103,69,18,0
3104,56,17,0
3105,99,7,0
3106,34,11,1
3107,97,16,0
3108,106,12,1
3109,18,8,0
3110,115,18,0
3111,50,8,0
3112,63,18,0
3113,74,1,2
3114,20,9,0
3115,38,6,0
3116,54,11,1
3117,22,5,0
3118,59,4,0
3119,97,15,0
3120,113,1,2
3121,97,16,0
3122,34,1,0
3123,29,12,1
3124,114,12,1
3125,69,18,0
3126,20,15,0
3127,13,5,0
3128,32,13,1
3129,99,1,2
3130,13,14,0
3131,55,0,0
3132,98,14,1
3133,56,14,0
3134,34,6,0
3135,105,3,2
3136,5,7,0
3137,26,17,0
3138,107,14,1
3139,93,1,2
3140,75,3,2
3141,98,11,1
3142,32,12,1
3143,74,1,2
3144,29,1,0
3145,39,2,0
3146,67,4,2
3147,109,13,1
3148,4,12,1
3149,87,9,1
3150,107,3,2
3151,47,10,1
3152,110,11,1
3153,19,5,0
3154,29,6,0
3155,19,4,0
3156,19,6,0
3157,101,12,1
3158,34,9,0
3159,120,1,2
3160,91,14,1
3161,104,11,1
3162,79,7,2
3163,58,16,0
3164,69,9,1
3165,117,0,2
3166,7,13,1
3167,90,17,0
3168,66,4,2
3169,40,15,0
3170,48,14,0
3171,33,18,0
3172,53,12,1
3173,118,5,2
3174,54,3,0
3175,107,1,2
3176,111,15,0
3177,116,7,0
3178,77,13,1
3179,95,10,1
3180,98,12,1
3181,64,5,2
3182,71,9,1
3183,23,7,0
3184,92,8,0
3185,101,4,2
3186,4,7,0
3187,49,2,0
3188,85,6,2
3189,42,5,0
3190,113,15,0
3191,99,11,1
3192,48,0,0
3193,37,13,1
3194,79,14,1
3195,10,12,1
3196,73,5,2
3197,15,0,0
3198,48,13,1
3199,5,7,0
3200,107,2,2
3201,51,4,0
3202,56,9,0
3203,109,16,0
3204,36,7,0
3205,10,16,0
3206,117,6,2
3207,95,14,1
3208,64,14,1
3209,57,10,1
3210,85,13,1
3211,93,3,2
3212,11,17,0
3213,81,1,2
3214,74,12,1
3215,63,16,0
3216,53,9,0
3217,0,2,0
3218,23,11,1
3219,92,10,1
3220,120,4,2
3221,106,13,1
3222,77,14,1
3223,83,15,0
3224,120,10,1
3225,51,8,0
3226,27,2,0
3227,105,11,1
3228,10,10,1
3229,92,6,2
3230,49,12,1
3231,87,17,0
3232,47,14,0
3233,58,12,1
3234,118,17,0
3235,111,1,2
3236,96,4,2
3237,82,7,0
3238,52,12,1
3239,49,13,1
3240,60,16,0
3241,54,12,1
3242,3,11,1
3243,43,7,0
3244,74,9,1
3245,94,4,2
3246,120,12,1
3247,114,6,2
3248,58,15,0
3249,50,10,1
3250,90,9,1
3251,65,11,1
3252,77,16,0
3253,58,8,0
3254,44,13,1
3255,117,8,0
3256,16,10,1
3257,67,14,1
3258,74,5,2
3259,68,17,0
3260,112,11,1
3261,72,13,1
3262,36,1,0
3263,96,2,2
3264,76,11,1
3265,98,2,2
3266,66,6,2
3267,73,13,1
3268,118,11,1
3269,85,8,0
3270,16,1,0
3271,40,5,0
3272,3,18,0
3273,78,6,2
3274,53,14,0
3275,31,1,0
3276,83,12,1
3277,4,7,0
3278,33,7,0
3279,38,12,1
3280,34,1,0
3281,64,6,2
3282,0,4,0
3283,14,9,0
3284,35,12,1
3285,101,1,2
3286,47,17,0
3287,18,18,0
3288,58,17,0
3289,53,0,0
3290,105,0,2
3291,23,0,0
3292,107,9,1
3293,88,8,0
3294,40,13,1
3295,90,2,2
3296,61,8,0
3297,95,16,0
3298,108,0,2
3299,110,3,2
3300,77,11,1
3301,50,18,0
3302,11,8,0
3303,98,9,1
3304,107,4,2
3305,84,6,2
3306,105,7,0
3307,67,1,2
3308,118,1,2
3309,71,16,0
3310,1,5,0
3311,8,9,0
3312,24,8,0
3313,30,10,1
3314,19,15,0
3315,84,6,2
3316,31,12,1
3317,0,16,0
3318,99,9,1
3319,39,17,0
3320,104,15,0
3321,57,1,0
3322,6,16,0
3323,87,17,0
3324,6,0,0
3325,75,13,1
3326,10,3,0
3327,74,18,0
3328,15,3,0
3329,32,12,1
3330,9,4,0
3331,64,14,1
3332,21,8,0
3333,17,3,0
3334,98,8,0
3335,79,10,1
3336,91,1,2
3337,10,15,0
3338,81,9,1
3339,92,1,2
3340,84,2,2
3341,16,5,0
3342,91,11,1
3343,50,5,0
3344,81,16,0
3345,83,4,2
3346,2,12,1
3347,53,17,0
3348,95,10,1
3349,9,13,1
3350,0,15,0
3351,103,6,2
3352,37,12,1
3353,116,2,2
3354,82,7,0
3355,114,15,0
3356,11,6,0
3357,120,4,2
3358,59,1,0
3359,40,7,0
3360,88,14,1
3361,23,2,0
3362,103,4,2
3363,72,1,2
3364,22,11,1
3365,109,7,0
3366,10,5,0
3367,9,11,1
3368,12,1,0
3369,70,8,0
3370,117,15,0
3371,2,3,0
3372,34,1,0
3373,104,10,1
3374,86,18,0
3375,100,5,2
3376,114,5,2
3377,75,14,1
3378,43,7,0
3379,54,3,0
3380,88,9,1
3381,22,9,0
3382,88,18,0
3383,118,16,0
3384,1,7,0
3385,21,14,0
3386,79,7,2
3387,116,12,1
3388,22,11,1
3389,59,16,0
3390,67,17,0
3391,62,0,2
3392,83,6,2
3393,67,10,1
3394,49,6,0
3395,114,10,1
3396,80,8,0
3397,83,4,2
3398,88,6,2
3399,10,14,0
3400,90,10,1
3401,67,7,2
3402,95,9,1
3403,114,5,2
3404,26,14,0
3405,52,13,1
3406,75,4,2
3407,73,15,0
3408,22,11,1
3409,2,17,0
3410,39,3,0
3411,2,4,0
3412,4,7,0
3413,50,2,0
3414,24,6,0
3415,46,4,0
3416,100,7,0
3417,3,9,0
3418,26,8,0
3419,94,18,0
3420,6,16,0
3421,113,13,1
3422,64,2,2
3423,79,0,2
3424,6,2,0
3425,71,9,1
3426,21,9,0
3427,108,3,2
3428,89,6,2
3429,93,12,1
3430,87,0,2
3431,13,18,0
3432,22,10,1
3433,109,4,2
3434,17,8,0
3435,16,2,0
3436,68,7,2
3437,65,4,2
3438,16,17,0
3439,37,7,0
3440,109,17,0
3441,55,4,0
3442,20,9,0
3443,26,7,0
3444,83,8,0
3445,86,14,1
3446,23,1,0
3447,51,7,0
3448,111,3,2
3449,53,5,0
3450,118,13,1
3451,10,9,0
3452,2,8,0
3453,110,17,0
3454,11,6,0
3455,106,15,0
3456,107,2,2
3457,48,11,1
3458,49,13,1
3459,38,2,0
3460,94,7,0
3461,35,2,0
3462,67,1,2
3463,112,0,2
3464,90,14,1
3465,76,1,2
3466,52,13,1
3467,2,4,0
3468,109,17,0
3469,2,2,0
3470,97,14,1
3471,20,14,0
3472,94,14,1
3473,89,15,0
3474,88,18,0
3475,70,14,1
3476,98,8,0
3477,48,14,0
3478,45,6,0
3479,38,7,0
3480,44,14,0
3481,8,7,0
3482,64,7,2
3483,81,3,2
3484,26,14,0
3485,55,4,0
3486,103,10,1
3487,82,1,2
3488,6,6,0
3489,53,1,0
3490,53,5,0
3491,0,11,1
3492,17,3,0
3493,74,13,1
3494,40,12,1
3495,81,3,2
3496,24,2,0
3497,73,5,2
3498,103,16,0
3499,115,1,2
3500,54,2,0
3501,113,5,2
3502,75,12,1
3503,31,4,0
3504,18,13,1
3505,60,10,0
3506,34,5,0
3507,38,1,0
3508,39,11,1
3509,75,9,1
3510,61,3,2
3511,57,4,0
3512,92,11,1
3513,93,1,2
3514,36,11,1
3515,38,11,1
3516,65,8,0
3517,64,2,2
3518,108,4,2
3519,16,8,0
3520,15,3,0
3521,118,0,2
3522,82,0,2
3523,86,3,2
3524,72,6,2
3525,7,2,0
3526,110,13,1
3527,2,13,1
3528,22,17,0
3529,93,9,1
3530,109,6,2
3531,62,7,2
3532,75,4,2
3533,50,12,1
3534,32,3,0
3535,38,11,1
3536,80,1,2
3537,86,14,1
3538,110,10,1
3539,95,6,2
3540,118,17,0
3541,5,7,0
3542,85,10,1
3543,12,1,0
3544,35,18,0
3545,88,4,2
3546,23,0,0
3547,92,7,0
3548,8,17,0
3549,55,9,0
3550,118,13,1
3551,2,9,0
3552,21,18,0
3553,66,4,2
3554,101,17,0
3555,112,17,0
3556,26,7,0
3557,53,11,1
3558,91,4,2
3559,90,0,2
3560,10,15,0
3561,54,5,0
3562,48,14,0
3563,25,13,1
3564,11,8,0
3565,1,11,1
3566,113,17,0
3567,2,18,0
3568,4,5,0
3569,119,7,0
3570,94,1,2
3571,114,8,0
3572,60,7,0
3573,40,4,0
3574,72,11,1
3575,115,5,2
3576,51,10,1
3577,14,4,0
3578,45,18,0
3579,57,18,0
3580,3,2,0
3581,105,4,2
3582,56,13,1
3583,7,16,0
3584,9,0,0
3585,37,13,1
3586,50,4,0
3587,55,11,1
3588,87,6,2
3589,101,12,1
3590,43,17,0
3591,66,4,2
3592,73,7,2
3593,118,14,1
3594,103,13,1
3595,65,2,2
3596,97,16,0
3597,97,5,2
3598,47,10,1
3599,43,3,0
3600,81,1,2
3601,115,10,1
3602,56,10,1
3603,11,0,0
3604,12,17,0
3605,22,3,0
3606,11,3,0
3607,92,2,2
3608,83,11,1
3609,109,3,2
3610,0,17,0
3611,66,6,2
3612,33,6,0
3613,52,0,0
3614,82,1,2
3615,67,12,1
3616,35,0,0
3617,72,8,0
3618,119,11,1
3619,72,11,1
3620,113,12,1
3621,49,14,0
3622,114,14,1
3623,60,4,0
3624,62,12,1
3625,64,1,2
3626,73,17,0
3627,64,13,1
3628,96,7,0
3629,94,2,2
3630,85,4,2
3631,77,10,1
3632,3,1,0
3633,112,17,0
3634,48,13,1
3635,96,7,0
3636,8,12,1
3637,63,7,2
3638,112,13,1
3639,65,11,1
3640,18,11,1
3641,0,10,1
3642,118,15,0
3643,30,7,0
3644,75,2,2
3645,75,7,2
3646,26,14,0
3647,67,14,1
3648,27,17,0
3649,83,3,2
3650,1,7,0
3651,13,4,0
3652,79,16,0
3653,120,3,2
3654,87,1,2
3655,13,6,0
3656,64,0,2
3657,114,13,1
3658,89,18,0
3659,108,9,1
3660,100,16,0
3661,92,7,0
3662,31,15,0
3663,92,15,0
3664,1,3,0
3665,30,11,1
3666,66,4,2
3667,61,18,0
3668,29,9,0
3669,109,9,1
3670,79,15,0
3671,52,2,0
3672,100,9,1
3673,65,2,2
3674,92,3,2
3675,110,10,1
3676,94,16,0
3677,52,10,1
3678,61,11,1
3679,43,5,0
3680,63,2,2
3681,43,9,0
3682,21,0,0
3683,104,4,2
3684,13,15,0
3685,76,8,0
3686,6,7,0
3687,33,11,1
3688,120,16,0
3689,26,2,0
3690,49,13,1
3691,106,18,0
3692,45,15,0
3693,36,7,0
3694,76,5,2
3695,56,4,0
3696,27,16,0
3697,120,2,2
3698,25,3,0
3699,103,10,1
3700,15,17,0
3701,81,13,1
3702,83,18,0
3703,78,10,1
3704,64,11,1
3705,99,4,2
3706,120,15,0
3707,56,9,0
3708,79,11,1
3709,35,6,0
3710,77,8,0
3711,91,6,2
3712,38,13,1
3713,51,10,1
3714,18,15,0
3715,63,17,0
3716,70,18,0
3717,104,2,2
3718,79,1,2
3719,42,10,1
3720,106,5,2
3721,0,1,0
3722,76,2,2
3723,104,1,2
3724,50,13,1
3725,22,8,0
3726,35,14,0
3727,35,6,0
3728,116,7,0
3729,20,5,0
3730,21,18,0
3731,112,9,1
3732,85,15,0
3733,7,10,1
3734,21,9,0
3735,18,8,0
3736,37,17,0
3737,97,0,2
3738,1,2,0
3739,52,4,0
3740,51,17,0
3741,44,13,1
3742,107,6,2
3743,13,10,1
3744,28,1,0
3745,21,9,0
3746,118,10,1
3747,25,18,0
3748,27,5,0
3749,115,5,2
3750,10,10,1
3751,89,13,1
3752,11,10,1
3753,23,3,0
3754,45,16,0
3755,9,14,0
3756,69,0,2
3757,50,14,0
3758,81,10,1
3759,45,11,1
3760,14,18,0
3761,2,15,0
3762,32,12,1
3763,6,16,0
3764,41,10,1
3765,54,17,0
3766,11,10,1
3767,109,16,0
3768,91,15,0
3769,13,1,0
3770,47,10,1
3771,60,12,0
3772,105,14,1
3773,28,15,0
3774,57,0,0
3775,8,11,1
3776,48,16,0
3777,67,1,2
3778,9,14,0
3779,57,3,0
3780,40,10,1
3781,8,8,0
3782,109,9,1
3783,83,0,2
3784,104,9,1
3785,119,18,0
3786,75,15,0
3787,39,9,0
3788,47,18,0
3789,38,10,1
3790,102,3,2
3791,11,15,0
3792,113,12,1
3793,5,8,0
3794,69,4,2
3795,90,12,1
3796,22,18,0
3797,57,4,0
3798,55,15,0
3799,42,0,0
3800,87,8,0
3801,3,18,0
3802,68,10,1
3803,95,6,2
3804,116,5,2
3805,27,15,0
3806,85,4,2
3807,38,14,0
3808,99,18,0
3809,66,9,1
3810,93,9,1
3811,110,3,2
3812,19,14,0
3813,99,10,1
3814,19,9,0
3815,9,7,0
3816,90,12,1
3817,24,5,0
3818,119,8,0
3819,47,16,0
3820,94,9,1
3821,80,13,1
3822,53,6,0
3823,12,3,0
3824,95,0,2
3825,94,3,2
3826,91,17,0
3827,103,5,2
3828,54,10,1
3829,106,6,2
3830,14,7,0
3831,0,2,0
3832,11,8,0
3833,21,13,1
3834,106,0,2
3835,81,0,2
3836,2,18,0
3837,30,3,0
3838,29,18,0
3839,78,7,2
3840,105,6,2
3841,70,11,1
3842,42,1,0
3843,67,17,0
3844,120,1,2
3845,71,13,1
3846,45,12,1
3847,50,13,1
3848,106,14,1
3849,105,4,2
3850,19,16,0
3851,19,10,1
3852,14,5,0
3853,120,3,2
3854,69,16,0
3855,57,14,0
3856,50,12,1
3857,1,17,0
3858,79,15,0
3859,87,1,2
3860,80,10,1
3861,19,3,0
3862,36,2,0
3863,86,14,1
3864,82,1,2
3865,1,17,0
3866,24,0,0
3867,15,17,0
3868,22,18,0
3869,56,14,0
3870,96,13,1
3871,71,3,2
3872,55,18,0
3873,99,9,1
3874,49,7,0
3875,49,8,0
3876,83,14,1
3877,83,16,0
3878,61,12,1
3879,39,10,1
3880,70,6,2
3881,26,1,0
3882,17,18,0
3883,93,18,0
3884,48,16,0
3885,55,18,0
3886,53,15,0
3887,61,2,2
3888,6,7,0
3889,49,7,0
3890,62,12,1
3891,86,14,1
3892,65,14,1
3893,74,18,0
3894,89,15,0
3895,101,9,1
3896,93,9,1
3897,54,10,1
3898,8,17,0
3899,45,7,0
3900,95,9,1
3901,110,6,2
3902,1,8,0
3903,79,6,2
3904,107,11,1
3905,3,7,0
3906,63,9,1
3907,75,12,1
3908,66,9,1
3909,92,14,1
3910,108,10,1
3911,57,3,0
3912,45,9,0
3913,8,17,0
3914,68,8,0
3915,55,12,1
3916,32,13,1
3917,99,14,1
3918,118,11,1
3919,89,3,2
3920,107,3,2
3921,36,1,0
3922,17,9,0
3923,33,4,0
3924,95,11,1
3925,68,11,1
3926,28,10,1
3927,33,10,1
3928,74,18,0
3929,98,8,0
3930,12,11,1
3931,17,6,0
3932,27,15,0
3933,102,9,1
3934,25,14,0
3935,66,0,2
3936,119,16,0
3937,37,16,0
3938,11,4,0
3939,98,7,0
3940,18,16,0
3941,57,13,1
3942,55,17,0
3943,117,16,0
3944,96,6,2
3945,33,9,0
3946,99,10,1
3947,114,7,0
3948,47,14,0
3949,50,5,0
3950,113,1,2
3951,92,5,2
3952,34,5,0
3953,18,17,0
3954,72,11,1
3955,31,7,0
3956,97,4,2
3957,43,6,0
3958,90,12,1
3959,70,5,2
3960,19,4,0
3961,88,5,2
3962,99,16,0
3963,69,14,1
3964,18,18,0
3965,110,1,2
3966,22,13,1
3967,2,16,0
3968,109,14,1
3969,91,1,2
3970,90,8,0
3971,115,6,2
3972,107,16,0
3973,53,0,0
3974,31,0,0
3975,67,12,1
3976,92,2,2
3977,85,9,1
3978,34,7,0
3979,56,17,0
3980,84,17,0
3981,7,17,0
3982,20,18,0
3983,19,2,0
3984,28,9,0
3985,75,15,0
3986,14,14,0
3987,98,7,0
3988,95,2,2
3989,6,7,0
3990,40,7,0
3991,8,4,0
3992,4,14,0
3993,57,1,0
3994,30,15,0
3995,14,14,0
3996,81,14,1
3997,73,8,0
3998,116,2,2
3999,52,2,0
4000,96,8,0
4001,31,1,0
4002,56,0,0
4003,40,3,0
4004,74,16,0
4005,57,4,0
4006,72,18,0
4007,32,11,1
4008,85,12,1
4009,39,6,0
4010,22,1,0
4011,93,9,1
4012,51,9,0
4013,61,9,1
4014,116,12,1
4015,37,17,0
4016,95,11,1
4017,97,2,2
4018,64,0,2
4019,3,9,0
4020,19,7,0
4021,69,12,1
4022,85,10,1
4023,57,1,0
4024,117,15,0
4025,120,12,1
4026,66,2,2
4027,49,9,0
4028,28,11,1
4029,40,13,1
4030,101,14,1
4031,45,15,0
4032,99,2,2
4033,65,0,2
4034,72,5,2
4035,97,11,1
4036,46,2,0
4037,30,13,1
4038,46,14,0
4039,62,8,0
4040,68,0,2
4041,8,5,0
4042,52,6,0
4043,68,12,1
4044,79,2,2
4045,113,6,2
4046,22,7,0
4047,20,1,0
4048,114,3,2
4049,118,15,0
4050,94,8,0
4051,58,7,0
4052,37,18,0
4053,59,12,1
4054,101,8,0
4055,48,0,0
4056,112,1,2
4057,104,0,2
4058,103,15,0
4059,21,4,0
4060,73,7,2
4061,29,14,0
4062,17,17,0
4063,95,10,1
4064,113,12,1
4065,54,12,1
4066,100,16,0
4067,27,15,0
4068,102,18,0
4069,90,14,1
4070,62,0,2
4071,66,5,2
4072,118,17,0
4073,35,8,0
4074,40,0,0
4075,68,3,2
4076,72,14,1
4077,89,18,0
4078,7,5,0
4079,73,2,2
4080,6,18,0
4081,31,7,0
4082,31,8,0
4083,82,10,1
4084,111,4,2
4085,8,17,0
4086,81,11,1
4087,0,6,0
4088,115,17,0
4089,98,3,2
4090,106,9,1
4091,85,10,1
4092,18,16,0
4093,101,8,0
4094,40,7,0
4095,64,0,2
4096,10,11,1
4097,82,17,0
4098,14,0,0
4099,27,4,0
4100,116,14,1
4101,102,1,2
4102,62,5,2
4103,88,15,0
4104,98,9,1
4105,43,12,1
4106,112,18,0
4107,97,17,0
4108,46,3,0
4109,2,12,1
4110,93,0,2
4111,38,12,1
4112,11,11,1
4113,65,9,1
4114,120,15,0
4115,72,4,2
4116,34,3,0
4117,108,11,1
4118,115,10,1
4119,48,5,0
4120,32,4,0
4121,23,4,0
4122,12,1,0
4123,60,11,0
4124,40,6,0
4125,64,8,0
4126,2,8,0
4127,28,16,0
4128,66,7,2
4129,13,16,0
4130,103,3,2
4131,54,0,0
4132,98,11,1
4133,5,14,0
4134,70,1,2
4135,18,5,0
4136,8,14,0
4137,108,17,0
4138,36,1,0
4139,62,2,2
4140,69,6,2
4141,36,7,0
4142,64,0,2
4143,10,5,0
4144,12,0,0
4145,111,0,2
4146,70,11,1
4147,37,17,0
4148,83,10,1
4149,21,12,1
4150,58,10,1
4151,67,2,2
4152,113,9,1
4153,21,7,0
4154,54,9,0
4155,73,18,0
4156,33,4,0
4157,73,0,2
4158,94,3,2
4159,16,3,0
4160,14,13,1
4161,52,4,0
4162,48,16,0
4163,86,15,0
4164,112,9,1
4165,2,3,0
4166,117,1,2
4167,74,10,1
4168,61,6,2
4169,51,13,1
4170,39,18,0
4171,80,13,1
4172,110,18,0
4173,93,13,1
4174,15,10,1
4175,20,2,0
4176,60,12,0
4177,66,18,0
4178,25,10,1
4179,109,14,1
4180,55,4,0
4181,10,13,1
4182,84,1,2
4183,75,12,1
4184,27,14,0
4185,20,9,0
4186,4,11,1
4187,10,9,0
4188,87,11,1
4189,117,0,2
4190,88,11,1
4191,20,0,0
4192,8,8,0
4193,51,14,0
4194,9,2,0
4195,92,0,2
4196,77,15,0
4197,20,11,1
4198,15,0,0
4199,42,2,0
4200,36,11,1
4201,72,7,2
4202,92,5,2
4203,92,4,2
4204,79,7,2
4205,1,11,1
4206,98,0,2
4207,3,16,0
4208,111,7,0
4209,15,9,0
4210,92,3,2
4211,40,1,0
4212,21,15,0
4213,18,12,1
4214,27,4,0
4215,12,8,0
4216,75,16,0
4217,111,0,2
4218,113,5,2
4219,44,0,0
4220,29,4,0
4221,105,3,2
4222,41,5,0
4223,95,0,2
4224,24,15,0
4225,77,12,1
4226,75,8,0
4227,26,2,0
4228,75,6,2
4229,105,10,1
4230,47,6,0
4231,68,16,0
4232,10,11,1
4233,41,8,0
4234,70,9,1
4235,45,12,1
4236,85,10,1
4237,99,13,1
4238,31,6,0
4239,101,13,1
4240,88,12,1
4241,8,4,0
4242,81,5,2
4243,22,17,0
4244,85,4,2
4245,38,2,0
4246,70,18,0
4247,92,12,1
4248,111,0,2
4249,109,17,0
4250,97,9,1
4251,67,0,2
4252,61,18,0
4253,79,14,1
4254,68,3,2
4255,56,14,0
4256,51,14,0
4257,49,8,0
4258,19,12,1
4259,93,15,0
4260,79,18,0
4261,36,0,0
4262,91,11,1
4263,3,10,1
4264,17,7,0
4265,51,5,0
4266,42,13,1
4267,76,1,2
4268,14,11,1
4269,46,2,0
4270,99,12,1
4271,66,3,2
4272,104,8,0
4273,15,3,0
4274,52,8,0
4275,58,15,0
4276,50,3,0
4277,12,9,0
4278,59,15,0
4279,10,1,0
4280,115,2,2
4281,6,15,0
4282,8,16,0
4283,59,17,0
4284,26,10,1
4285,9,15,0
4286,76,2,2
4287,20,13,1
4288,54,1,0
4289,2,14,0
4290,31,18,0
4291,28,14,0
4292,50,16,0
4293,23,5,0
4294,41,5,0
4295,37,17,0
4296,26,9,0
4297,76,11,1
4298,28,0,0
4299,6,2,0
4300,49,3,0
4301,34,3,0
4302,26,12,1
4303,4,16,0
4304,111,13,1
4305,91,2,2
4306,99,8,0
4307,9,13,1
4308,115,18,0
4309,32,16,0
4310,16,3,0
4311,58,18,0
4312,34,11,1
4313,45,13,1
4314,65,9,1
4315,28,10,1
4316,30,0,0
4317,111,0,2
4318,7,16,0
4319,3,6,0
4320,34,0,0
4321,15,5,0
4322,48,3,0
4323,88,5,2
4324,15,3,0
4325,10,6,0
4326,62,3,2
4327,45,10,1
4328,31,7,0
4329,58,7,0
4330,28,0,0
4331,41,14,0
4332,34,17,0
4333,104,10,1
4334,78,8,0
4335,48,10,1
4336,44,14,0
4337,83,5,2
4338,113,3,2
4339,63,10,1
4340,102,16,0
4341,96,5,2
4342,8,7,0
4343,99,1,2
4344,15,13,1
4345,22,8,0
4346,23,0,0
4347,59,16,0
4348,5,7,0
4349,87,13,1
4350,72,13,1
4351,85,12,1
4352,17,1,0
4353,11,7,0
4354,110,6,2
4355,10,10,1
4356,24,4,0
4357,89,14,1
4358,58,6,0
4359,43,13,1
4360,116,12,1
4361,17,16,0
4362,110,4,2
4363,75,10,1
4364,99,15,0
4365,106,14,1
4366,48,18,0
4367,3,16,0
4368,9,11,1
4369,36,11,1
4370,3,11,1
4371,77,15,0
4372,51,4,0
4373,31,17,0
4374,66,18,0
4375,69,18,0
4376,9,16,0
4377,37,1,0
4378,67,8,0
4379,36,0,0
4380,84,12,1
4381,13,4,0
4382,52,16,0
4383,59,14,0
4384,23,12,1
4385,82,2,2
4386,18,17,0
4387,58,2,0
4388,49,17,0
4389,87,14,1
4390,105,15,0
4391,79,17,0
4392,74,16,0
4393,36,11,1
4394,71,14,1
4395,38,6,0
4396,111,2,2
4397,97,7,0
4398,18,2,0
4399,44,3,0
4400,6,9,0
4401,110,16,0
4402,11,8,0
4403,100,14,1
4404,74,4,2
4405,46,17,0
4406,76,9,1
4407,2,4,0
4408,98,7,0
4409,106,0,2
4410,94,0,2
4411,28,2,0
4412,22,17,0
4413,47,11,1
4414,97,10,1
4415,33,15,0
4416,55,18,0
4417,96,11,1
4418,71,8,0
4419,3,17,0
4420,81,9,1
4421,3,14,0
4422,36,3,0
4423,20,17,0
4424,87,8,0
4425,45,8,0
4426,72,8,0
4427,93,8,0
4428,56,11,1
4429,119,9,1
4430,111,7,0
4431,36,12,1
4432,94,13,1
4433,23,14,0
4434,10,4,0
4435,78,8,0
4436,74,15,0
4437,87,12,1
4438,18,5,0
4439,27,4,0
4440,72,9,1
4441,85,0,2
4442,107,11,1
4443,89,15,0
4444,46,1,0
4445,82,5,2
4446,117,15,0
4447,72,7,2
4448,44,12,1
4449,90,16,0
4450,54,4,0
4451,60,8,0
4452,71,1,2
4453,87,3,2
4454,78,9,1
4455,52,10,1
4456,90,15,0
4457,68,12,1
4458,66,4,2
4459,16,11,1
4460,116,5,2
4461,109,0,2
4462,77,12,1
4463,98,2,2
4464,50,12,1
4465,35,4,0
4466,90,8,0
4467,2,9,0
4468,13,5,0
4469,23,4,0
4470,13,7,0
4471,66,2,2
4472,19,15,0
4473,26,4,0
4474,74,13,1
4475,119,14,1
4476,81,13,1
4477,63,16,0
4478,120,1,2
4479,29,3,0
4480,71,8,0
4481,119,8,0
4482,101,4,2
4483,90,3,2
4484,25,6,0
4485,39,11,1
4486,11,5,0
4487,4,9,0
4488,55,16,0
4489,28,13,1
4490,114,10,1
4491,111,11,1
4492,3,5,0
4493,46,2,0
4494,110,7,0
4495,110,8,0
4496,82,16,0
4497,89,7,0
4498,6,2,0
4499,23,17,0
4500,7,0,0
4501,92,0,2
4502,105,3,2
4503,94,4,2
4504,66,4,2
4505,28,2,0
4506,39,11,1
4507,5,6,0
4508,53,5,0
4509,11,10,1
4510,60,1,0
4511,31,17,0
4512,17,17,0
4513,2,5,0
4514,3,11,1
4515,89,4,2
4516,73,2,2
4517,98,16,0
4518,109,15,0
4519,45,8,0
4520,15,5,0
4521,40,16,0
4522,46,15,0
4523,118,16,0
4524,29,16,0
4525,27,4,0
4526,78,16,0
4527,76,0,2
4528,115,0,2
4529,97,9,1
4530,3,0,0
4531,119,0,2
4532,100,10,1
4533,38,14,0
4534,0,12,1
4535,86,0,2
4536,9,7,0
4537,50,17,0
4538,78,0,2
4539,51,13,1
4540,37,13,1
4541,35,16,0
4542,109,1,2
4543,75,13,1
4544,94,13,1
4545,27,14,0
4546,58,6,0
4547,31,1,0
4548,117,4,2
4549,52,10,1
4550,5,11,1
4551,0,18,0
4552,4,8,0
4553,54,2,0
4554,73,17,0
4555,19,7,0
4556,4,1,0
4557,77,11,1
4558,117,6,2
4559,59,7,0
4560,23,11,1
4561,15,17,0
4562,65,13,1
4563,44,2,0
4564,109,17,0
4565,5,18,0
4566,81,17,0
4567,8,13,1
4568,3,17,0
4569,83,1,2
4570,29,7,0
4571,31,10,1
4572,66,4,2
4573,53,16,0
4574,39,12,1
4575,79,0,2
4576,92,14,1
4577,10,13,1
4578,15,11,1
4579,70,17,0
4580,50,7,0
4581,22,0,0
4582,48,2,0
4583,3,5,0
4584,86,16,0
4585,99,5,2
4586,17,16,0
4587,111,2,2
4588,16,15,0
4589,65,0,2
4590,67,11,1
4591,12,10,1
4592,74,8,0
4593,63,11,1
4594,60,18,0
4595,80,9,1
4596,83,15,0
4597,105,6,2
4598,12,8,0
4599,81,3,2
4600,24,9,0
4601,86,7,0
4602,23,3,0
4603,24,0,0
4604,109,18,0
4605,117,11,1
4606,60,5,0
4607,55,15,0
4608,33,4,0
4609,63,16,0
4610,59,13,1
4611,118,7,0
4612,93,13,1
4613,84,6,2
4614,115,14,1
4615,12,8,0
4616,93,11,1
4617,20,16,0
4618,31,17,0
4619,11,4,0
4620,5,18,0
4621,27,18,0
4622,35,16,0
4623,83,18,0
4624,15,4,0
4625,73,17,0
4626,16,6,0
4627,48,7,0
4628,57,7,0
4629,61,3,2
4630,20,15,0
4631,27,11,1
4632,110,14,1
4633,87,14,1
4634,56,1,0
4635,47,6,0
4636,42,3,0
4637,101,17,0
4638,75,15,0
4639,40,14,0
4640,18,14,0
4641,43,12,1
4642,108,11,1
4643,106,9,1
4644,55,5,0
4645,118,13,1
4646,118,7,0
4647,68,8,0
4648,51,6,0
4649,36,9,0
4650,19,17,0
4651,44,2,0
4652,31,13,1
4653,18,7,0
4654,29,17,0
4655,35,13,1
4656,12,2,0
4657,116,13,1
4658,95,6,2
4659,31,7,0
4660,106,7,0
4661,114,14,1
4662,9,1,0
4663,80,10,1
4664,112,4,2
4665,104,8,0
4666,115,16,0
4667,63,12,1
4668,42,12,1
4669,1,11,1
4670,40,8,0
4671,60,5,0
4672,84,15,0
4673,99,12,1
4674,108,17,0
4675,17,4,0
4676,66,8,0
4677,50,1,0
4678,19,15,0
4679,46,9,0
4680,73,6,2
4681,45,0,0
4682,87,11,1
4683,27,12,1
4684,22,6,0
4685,34,7,0
4686,13,5,0
4687,40,4,0
4688,46,10,1
4689,5,16,0
4690,54,5,0
4691,37,4,0
4692,117,14,1
4693,118,9,1
4694,107,5,2
4695,100,6,2
4696,35,16,0
4697,26,10,1
4698,47,9,0
4699,52,5,0
4700,60,14,0
4701,12,7,0
4702,58,16,0
4703,12,2,0
4704,112,18,0
4705,72,18,0
4706,34,14,0
4707,57,4,0
4708,59,1,0
4709,117,16,0
4710,70,5,2
4711,8,6,0
4712,92,15,0
4713,37,1,0
4714,101,5,2
4715,72,10,1
4716,36,17,0
4717,81,2,2
4718,56,4,0
4719,67,16,0
4720,80,9,1
4721,108,1,2
4722,46,1,0
4723,116,1,2
4724,107,3,2
4725,0,6,0
4726,41,8,0
4727,50,15,0
4728,59,2,0
4729,18,4,0
4730,57,5,0
4731,116,15,0
4732,82,8,0
4733,35,9,0
4734,58,17,0
4735,27,3,0
4736,47,2,0
4737,31,4,0
4738,24,0,0
4739,9,18,0
4740,58,8,0
4741,95,17,0
4742,20,4,0
4743,44,14,0
4744,44,2,0
4745,38,4,0
4746,96,0,2
4747,98,4,2
4748,110,12,1
4749,96,15,0
4750,105,7,0
4751,7,2,0
4752,38,0,0
4753,87,6,2
4754,97,17,0
4755,34,13,1
4756,101,6,2
4757,38,10,1
4758,8,15,0
4759,79,15,0
4760,9,13,1
4761,17,0,0
4762,82,9,1
4763,20,2,0
4764,27,7,0
4765,74,1,2
4766,115,3,2
4767,113,4,2
4768,108,6,2
4769,62,0,2
4770,84,1,2
4771,64,17,0
4772,109,0,2
4773,112,8,0
4774,86,18,0
4775,119,9,1
4776,58,13,1
4777,32,5,0
4778,113,3,2
4779,85,16,0
4780,101,12,1
4781,30,16,0
4782,99,12,1
4783,113,2,2
4784,94,10,1
4785,59,1,0
4786,100,0,2
4787,49,12,1
4788,81,18,0
4789,34,10,1
4790,85,14,1
4791,78,13,1
4792,100,5,2
4793,28,14,0
4794,89,3,2
4795,89,11,1
4796,55,1,0
4797,119,18,0
4798,1,3,0
4799,92,15,0
4800,78,11,1
4801,28,15,0
4802,41,16,0
4803,93,15,0
4804,112,8,0
4805,18,4,0
4806,100,7,0
4807,6,7,0
4808,106,0,2
4809,50,13,1
4810,29,1,0
4811,65,17,0
4812,6,3,0
4813,4,16,0
4814,102,7,0
4815,21,10,1
4816,63,1,2
4817,63,16,0
4818,79,9,1
4819,39,14,0
4820,49,13,1
4821,28,16,0
4822,49,10,1
4823,78,0,2
4824,40,9,0
4825,73,14,1
4826,105,0,2
4827,85,1,2
4828,15,5,0
4829,16,14,0
4830,92,12,1
4831,14,3,0
4832,24,18,0
4833,18,15,0
4834,47,5,0
4835,105,7,0
4836,18,2,0
4837,47,9,0
4838,41,10,1
4839,20,12,1
4840,89,5,2
4841,4,18,0
4842,108,7,0
4843,35,2,0
4844,29,4,0
4845,106,5,2
4846,96,5,2
4847,104,0,2
4848,16,16,0
4849,32,10,1
4850,40,16,0
4851,117,2,2
4852,43,1,0
4853,1,4,0
4854,82,11,1
4855,48,3,0
4856,87,4,2
4857,92,1,2
4858,94,5,2
4859,87,13,1
4860,97,10,1
4861,119,11,1
4862,24,3,0
4863,16,16,0
4864,25,2,0
4865,4,1,0
4866,94,15,0
4867,32,16,0
4868,4,11,1
4869,120,7,0
4870,73,17,0
4871,75,8,0
4872,36,12,1
4873,49,1,0
4874,93,14,1
4875,59,16,0
4876,51,4,0
4877,38,14,0
4878,4,14,0
4879,69,6,2
4880,0,13,1
4881,37,5,0
4882,67,12,1
4883,58,16,0
4884,56,3,0
4885,46,10,1
4886,0,1,0
4887,2,6,0
4888,101,8,0
4889,60,5,0
4890,98,7,0
4891,85,4,2
4892,61,3,2
4893,4,0,0
4894,24,15,0
4895,96,6,2
4896,0,6,0
4897,94,5,2
4898,94,8,0
4899,64,10,1
4900,74,10,1
4901,105,9,1
4902,46,8,0
4903,71,7,2
4904,18,15,0
4905,111,18,0
4906,20,2,0
4907,38,4,0
4908,27,11,1
4909,98,6,2
4910,56,8,0
4911,59,18,0
4912,37,3,0
4913,31,18,0
4914,88,6,2
4915,82,1,2
4916,109,8,0
4917,6,10,1
4918,111,17,0
4919,54,18,0
4920,118,17,0
4921,22,4,0
4922,10,0,0
4923,13,2,0
4924,81,17,0
4925,85,0,2
4926,55,0,0
4927,66,1,2
4928,92,10,1
4929,95,9,1
4930,10,4,0
4931,41,14,0
4932,94,14,1
4933,108,9,1
4934,58,1,0
4935,7,11,1
4936,8,7,0
4937,27,8,0
4938,78,4,2
4939,60,18,0
4940,83,7,0
4941,20,7,0
4942,68,14,1
4943,110,14,1
4944,13,11,1
4945,20,1,0
4946,45,10,1
4947,117,6,2
4948,39,5,0
4949,39,15,0
4950,83,2,2
4951,22,3,0
4952,108,14,1
4953,118,17,0
4954,65,0,2
4955,53,9,0
4956,18,12,1
4957,11,6,0
4958,66,8,0
4959,95,10,1
4960,88,5,2
4961,68,0,2
4962,7,11,1
4963,50,0,0
4964,104,17,0
4965,117,15,0
4966,33,4,0
4967,95,13,1
4968,61,10,1
4969,60,18,0
4970,0,12,1
4971,82,9,1
4972,4,17,0
4973,78,14,1
4974,93,3,2
4975,90,17,0
4976,42,6,0
4977,117,18,0
4978,52,10,1
4979,92,15,0
4980,97,3,2
4981,82,17,0
4982,82,11,1
4983,111,5,2
4984,29,6,0
4985,66,0,2
4986,43,5,0
4987,67,14,1
4988,39,6,0
4989,12,18,0
4990,16,14,0
4991,100,14,1
4992,21,9,0
4993,13,1,0
4994,37,1,0
4995,1,12,1
4996,73,1,2
4997,32,9,0
4998,84,5,2
4999,82,16,0